Project,Model,Task,R_Squared,R_Squared_Adj,MAE,MSE,RMSE,PRED_25,PRED_50,T_Records,D_Records,P_NA
home-assistant,Line,BUG,1.0,1.0,0.0,0.0,0.0,0.79,0.79,560,0,0.441
home-assistant,Module,BUG,0.5,0.5,96.51,242535.91,492.48,0.07,0.16,560,0,0.441
angular,Line,BUG,1.0,1.0,0.0,0.0,0.0,0.99,0.99,411,0,0.253
angular,Module,BUG,0.9,0.9,318.95,434009.6,658.79,0.2,0.41,411,0,0.253
node,Line,BUG,1.0,1.0,0.0,0.0,0.0,0.94,0.94,596,0,0.307
node,Module,BUG,0.99,0.99,101.59,31942.48,178.72,0.43,0.54,596,0,0.307
neutron,Line,BUG,1.0,1.0,0.0,0.0,0.0,0.87,0.87,203,0,0.352
neutron,Module,BUG,0.96,0.96,58.6,8803.5,93.83,0.5,0.68,203,0,0.352
gitlabhq,Line,BUG,1.0,1.0,0.0,0.0,0.0,0.82,0.82,1154,0,0.3
gitlabhq,Module,BUG,0.88,0.88,101.46,169821.41,412.09,0.27,0.46,1154,0,0.3
moby,Line,BUG,1.0,1.0,0.0,0.0,0.0,0.73,0.73,319,0,0.476
moby,Module,BUG,0.98,0.98,18.19,1300.2,36.06,0.32,0.5,319,0,0.476
tensorflow,Line,BUG,1.0,1.0,0.0,0.0,0.0,0.96,0.96,106,0,0.204
tensorflow,Module,BUG,0.94,0.94,439.3,2476426.63,1573.67,0.16,0.32,106,0,0.204
vue,Line,BUG,1.0,1.0,0.0,0.0,0.0,0.85,0.85,248,0,0.452
vue,Module,BUG,0.99,0.99,13.19,1275.01,35.71,0.25,0.49,248,0,0.452
angular,Line,DOCS,1.0,1.0,0.0,0.0,0.0,0.98,0.98,411,0,0.299
angular,Module,DOCS,0.91,0.91,92.76,48835.91,220.99,0.33,0.55,411,0,0.299
home-assistant,Line,DOCS,1.0,1.0,0.0,0.0,0.0,0.11,0.11,560,0,0.65
home-assistant,Module,DOCS,0.96,0.96,20.98,12850.01,113.36,0.01,0.02,560,0,0.65
node,Line,DOCS,1.0,1.0,0.0,0.0,0.0,0.76,0.76,596,0,0.391
node,Module,DOCS,0.99,0.99,6.97,160.0,12.65,0.4,0.5,596,0,0.391
angular,Line,REFACTOR,1.0,1.0,0.0,0.0,0.0,0.91,0.91,411,0,0.339
angular,Module,REFACTOR,0.8,0.8,220.22,239094.52,488.97,0.15,0.34,411,0,0.339
home-assistant,Line,REFACTOR,1.0,1.0,0.0,0.0,0.0,0.14,0.14,560,0,0.644
home-assistant,Module,REFACTOR,0.84,0.84,12.68,4549.52,67.45,0.01,0.03,560,0,0.644
node,Line,REFACTOR,1.0,1.0,0.0,0.0,0.0,0.59,0.59,596,0,0.424
node,Module,REFACTOR,0.94,0.94,50.07,8754.89,93.57,0.18,0.26,596,0,0.424
neutron,Line,DOCS,1.0,1.0,0.0,0.0,0.0,0.44,0.44,203,0,0.539
neutron,Module,DOCS,0.84,0.84,17.34,1384.33,37.21,0.1,0.18,203,0,0.539
moby,Line,DOCS,1.0,1.0,0.0,0.0,0.0,0.49,0.49,319,0,0.555
moby,Module,DOCS,0.87,0.87,24.59,3938.82,62.76,0.06,0.17,319,0,0.555
tensorflow,Line,DOCS,1.0,1.0,0.0,0.0,0.0,0.58,0.58,106,0,0.397
tensorflow,Module,DOCS,0.24,0.2,412.56,2177577.01,1475.66,0.03,0.05,106,0,0.397
vue,Line,DOCS,1.0,1.0,0.0,0.0,0.0,0.08,0.08,248,0,0.659
vue,Module,DOCS,1.0,1.0,0.27,11.06,3.33,0.05,0.07,248,0,0.659
gitlabhq,Line,DOCS,1.0,1.0,0.0,0.0,0.0,0.58,0.58,1154,0,0.431
gitlabhq,Module,DOCS,0.93,0.93,23.23,7831.93,88.5,0.15,0.31,1154,0,0.431
angular,Line,TESTING,1.0,1.0,0.0,0.0,0.0,0.87,0.87,411,0,0.365
angular,Module,TESTING,0.68,0.68,109.23,106882.49,326.93,0.11,0.22,411,0,0.365
node,Line,TESTING,1.0,1.0,0.0,0.0,0.0,0.83,0.83,596,0,0.331
node,Module,TESTING,0.97,0.97,278.86,245698.57,495.68,0.28,0.37,596,0,0.331
home-assistant,Line,TESTING,1.0,1.0,0.0,0.0,0.0,0.23,0.23,560,0,0.601
home-assistant,Module,TESTING,0.59,0.59,55.55,84360.7,290.45,0.02,0.04,560,0,0.601
angular,Line,FEATURE,1.0,1.0,0.0,0.0,0.0,0.8,0.8,411,0,0.392
angular,Module,FEATURE,0.81,0.81,137.31,320166.42,565.83,0.2,0.42,411,0,0.392
node,Line,FEATURE,1.0,1.0,0.0,0.0,0.0,0.36,0.36,596,0,0.573
node,Module,FEATURE,0.81,0.81,3.92,50.09,7.08,0.05,0.12,596,0,0.573
neutron,Line,REFACTOR,1.0,1.0,0.0,0.0,0.0,0.44,0.44,203,0,0.53
neutron,Module,REFACTOR,0.9,0.9,14.48,627.96,25.06,0.1,0.23,203,0,0.53
home-assistant,Line,FEATURE,1.0,1.0,0.0,0.0,0.0,0.1,0.1,560,0,0.654
home-assistant,Module,FEATURE,0.91,0.91,5.53,2762.79,52.56,0.02,0.04,560,0,0.654
moby,Line,REFACTOR,1.0,1.0,0.0,0.0,0.0,0.29,0.29,319,0,0.596
moby,Module,REFACTOR,0.9,0.9,3.87,71.35,8.45,0.08,0.14,319,0,0.596
tensorflow,Line,REFACTOR,1.0,1.0,0.0,0.0,0.0,0.43,0.43,106,0,0.502
tensorflow,Module,REFACTOR,0.98,0.98,32.32,6751.47,82.17,0.16,0.29,106,0,0.502
gitlabhq,Line,REFACTOR,1.0,1.0,0.0,0.0,0.0,0.38,0.38,1154,0,0.511
gitlabhq,Module,REFACTOR,0.97,0.97,11.98,690.4,26.28,0.15,0.28,1154,0,0.511
vue,Line,REFACTOR,1.0,1.0,0.0,0.0,0.0,0.26,0.26,248,0,0.61
vue,Module,REFACTOR,0.99,0.99,1.06,6.36,2.52,0.12,0.18,248,0,0.61
angular,Line,UPGRADE,1.0,1.0,0.0,0.0,0.0,0.55,0.55,411,0,0.511
angular,Module,UPGRADE,0.43,0.42,58.11,27441.06,165.65,0.04,0.08,411,0,0.511
node,Line,UPGRADE,1.0,1.0,0.0,0.0,0.0,0.85,0.85,596,0,0.371
node,Module,UPGRADE,0.96,0.96,1181.07,3922387.58,1980.5,0.34,0.47,596,0,0.371
home-assistant,Line,UPGRADE,1.0,1.0,0.0,0.0,0.0,0.27,0.27,560,0,0.578
home-assistant,Module,UPGRADE,0.84,0.84,27.65,11680.97,108.08,0.08,0.14,560,0,0.578
angular,Line,RELEASE,1.0,1.0,0.0,0.0,0.0,0.91,0.91,411,0,0.406
angular,Module,RELEASE,0.96,0.96,2.49,20.81,4.56,0.47,0.67,411,0,0.406
moby,Line,TESTING,1.0,1.0,0.0,0.0,0.0,0.59,0.59,319,0,0.514
moby,Module,TESTING,0.84,0.84,24.52,8824.58,93.94,0.14,0.26,319,0,0.514
gitlabhq,Line,TESTING,1.0,1.0,0.0,0.0,0.0,0.54,0.54,1154,0,0.451
gitlabhq,Module,TESTING,0.99,0.99,419.58,6750832.43,2598.24,0.06,0.12,1154,0,0.451
neutron,Line,TESTING,1.0,1.0,0.0,0.0,0.0,0.79,0.79,203,0,0.386
neutron,Module,TESTING,0.96,0.96,56.11,10627.94,103.09,0.34,0.46,203,0,0.386
tensorflow,Line,TESTING,1.0,1.0,0.0,0.0,0.0,0.75,0.75,106,0,0.335
tensorflow,Module,TESTING,0.93,0.93,129.9,77333.9,278.09,0.18,0.36,106,0,0.335
node,Line,RELEASE,1.0,1.0,0.0,0.0,0.0,0.61,0.61,596,0,0.409
node,Module,RELEASE,0.97,0.97,3.08,47.71,6.91,0.38,0.47,596,0,0.409
vue,Line,TESTING,1.0,1.0,0.0,0.0,0.0,0.46,0.46,248,0,0.558
vue,Module,TESTING,1.0,1.0,3.0,46.39,6.81,0.14,0.25,248,0,0.558
home-assistant,Line,RELEASE,1.0,1.0,0.0,0.0,0.0,0.07,0.07,560,0,0.632
home-assistant,Module,RELEASE,0.51,0.51,4.66,5318.49,72.93,0.01,0.03,560,0,0.632
angular,Line,SUPPORT,1.0,1.0,0.0,0.0,0.0,0.4,0.4,411,0,0.576
angular,Module,SUPPORT,0.94,0.94,2.26,23.62,4.86,0.13,0.25,411,0,0.576
node,Line,SUPPORT,1.0,1.0,0.0,0.0,0.0,0.69,0.69,596,0,0.403
node,Module,SUPPORT,0.98,0.98,24.14,2884.98,53.71,0.27,0.46,596,0,0.403
home-assistant,Line,SUPPORT,1.0,1.0,0.0,0.0,0.0,0.26,0.26,560,0,0.591
home-assistant,Module,SUPPORT,0.65,0.65,28.28,19532.68,139.76,0.06,0.12,560,0,0.591
neutron,Line,FEATURE,1.0,1.0,0.0,0.0,0.0,0.26,0.26,203,0,0.603
neutron,Module,FEATURE,0.85,0.85,2.7,48.29,6.95,0.08,0.14,203,0,0.603
moby,Line,FEATURE,1.0,1.0,0.0,0.0,0.0,0.16,0.16,319,0,0.629
moby,Module,FEATURE,0.86,0.86,0.6,2.36,1.54,0.05,0.1,319,0,0.629
tensorflow,Line,FEATURE,1.0,1.0,0.0,0.0,0.0,0.45,0.45,106,0,0.498
tensorflow,Module,FEATURE,0.95,0.95,7.26,224.75,14.99,0.16,0.33,106,0,0.498
gitlabhq,Line,FEATURE,1.0,1.0,0.0,0.0,0.0,0.45,0.45,1154,0,0.49
gitlabhq,Module,FEATURE,0.8,0.8,17.08,2771.03,52.64,0.1,0.22,1154,0,0.49
angular,Line,OTHER,1.0,1.0,0.0,0.0,0.0,0.95,0.95,411,0,0.305
angular,Module,OTHER,0.7,0.7,339.17,587175.3,766.27,0.14,0.3,411,0,0.305
vue,Line,FEATURE,1.0,1.0,0.0,0.0,0.0,0.13,0.13,248,0,0.643
vue,Module,FEATURE,0.96,0.96,0.96,16.74,4.09,0.05,0.08,248,0,0.643
node,Line,OTHER,1.0,1.0,0.0,0.0,0.0,0.99,0.99,596,0,0.271
node,Module,OTHER,0.98,0.98,1841.43,8240740.97,2870.67,0.31,0.41,596,0,0.271
home-assistant,Line,OTHER,1.0,1.0,0.0,0.0,0.0,0.99,0.99,560,0,0.373
home-assistant,Module,OTHER,0.7,0.7,960.1,15024816.56,3876.19,0.04,0.08,560,0,0.373
moby,Line,UPGRADE,1.0,1.0,0.0,0.0,0.0,0.39,0.39,319,0,0.58
moby,Module,UPGRADE,0.94,0.94,2.04,18.34,4.28,0.16,0.24,319,0,0.58
neutron,Line,UPGRADE,1.0,1.0,0.0,0.0,0.0,0.53,0.53,203,0,0.523
neutron,Module,UPGRADE,0.96,0.96,4.67,58.61,7.66,0.08,0.25,203,0,0.523
gitlabhq,Line,UPGRADE,1.0,1.0,0.0,0.0,0.0,0.43,0.43,1154,0,0.501
gitlabhq,Module,UPGRADE,0.7,0.7,15.7,3895.09,62.41,0.06,0.12,1154,0,0.501
tensorflow,Line,UPGRADE,1.0,1.0,0.0,0.0,0.0,0.66,0.66,106,0,0.394
tensorflow,Module,UPGRADE,0.96,0.96,149.69,1860555.28,1364.02,0.13,0.28,106,0,0.394
vue,Line,UPGRADE,1.0,1.0,0.0,0.0,0.0,0.1,0.1,248,0,0.659
vue,Module,UPGRADE,0.95,0.95,1.02,50.78,7.13,0.0,0.02,248,0,0.659
moby,Line,RELEASE,1.0,1.0,0.0,0.0,0.0,0.27,0.27,319,0,0.618
moby,Module,RELEASE,0.7,0.7,2.26,42.56,6.52,0.04,0.08,319,0,0.618
neutron,Line,RELEASE,1.0,1.0,0.0,0.0,0.0,0.6,0.6,203,0,0.5
neutron,Module,RELEASE,0.89,0.89,7.2,200.15,14.15,0.15,0.28,203,0,0.5
gitlabhq,Line,RELEASE,1.0,1.0,0.0,0.0,0.0,0.3,0.3,1154,0,0.575
gitlabhq,Module,RELEASE,0.99,0.99,0.96,5.7,2.39,0.09,0.18,1154,0,0.575
tensorflow,Line,RELEASE,1.0,1.0,0.0,0.0,0.0,0.74,0.74,106,0,0.366
tensorflow,Module,RELEASE,0.35,0.32,70.03,15599.26,124.9,0.06,0.13,106,0,0.366
vue,Line,RELEASE,1.0,1.0,0.0,0.0,0.0,0.84,0.84,248,0,0.487
vue,Module,RELEASE,0.99,0.99,2.12,16.76,4.09,0.17,0.38,248,0,0.487
moby,Line,SUPPORT,1.0,1.0,0.0,0.0,0.0,0.42,0.42,319,0,0.558
moby,Module,SUPPORT,0.98,0.98,7.6,301.15,17.35,0.11,0.18,319,0,0.558
neutron,Line,SUPPORT,1.0,1.0,0.0,0.0,0.0,0.7,0.7,203,0,0.437
neutron,Module,SUPPORT,0.98,0.98,18.56,868.85,29.48,0.35,0.54,203,0,0.437
gitlabhq,Line,SUPPORT,1.0,1.0,0.0,0.0,0.0,0.38,0.38,1154,0,0.516
gitlabhq,Module,SUPPORT,0.84,0.84,14.77,1968.6,44.37,0.1,0.19,1154,0,0.516
tensorflow,Line,SUPPORT,1.0,1.0,0.0,0.0,0.0,0.58,0.58,106,0,0.418
tensorflow,Module,SUPPORT,1.0,1.0,32.42,3814.88,61.76,0.32,0.42,106,0,0.418
vue,Line,SUPPORT,1.0,1.0,0.0,0.0,0.0,0.32,0.32,248,0,0.593
vue,Module,SUPPORT,1.0,1.0,1.76,19.24,4.39,0.12,0.22,248,0,0.593
moby,Line,OTHER,1.0,1.0,0.0,0.0,0.0,0.91,0.91,319,0,0.434
moby,Module,OTHER,0.96,0.96,175.39,246585.21,496.57,0.23,0.38,319,0,0.434
neutron,Line,OTHER,1.0,1.0,0.0,0.0,0.0,0.88,0.88,203,0,0.279
neutron,Module,OTHER,0.97,0.97,483.06,961968.97,980.8,0.45,0.63,203,0,0.279
gitlabhq,Line,OTHER,1.0,1.0,0.0,0.0,0.0,0.97,0.97,1154,0,0.25
gitlabhq,Module,OTHER,0.98,0.98,321.72,412755.67,642.46,0.31,0.5,1154,0,0.25
tensorflow,Line,OTHER,1.0,1.0,0.0,0.0,0.0,0.98,0.98,106,0,0.156
tensorflow,Module,OTHER,0.8,0.79,7797.57,549571436.04,23442.94,0.08,0.11,106,0,0.156
vue,Line,OTHER,1.0,1.0,0.0,0.0,0.0,0.95,0.95,248,0,0.412
vue,Module,OTHER,0.99,0.99,24.89,2323.23,48.2,0.24,0.46,248,0,0.412
orleans,Line,BUG,1.0,1.0,0.0,0.0,0.0,0.82,0.82,114,0,0.353
orleans,Module,BUG,0.97,0.97,25.12,2650.49,51.48,0.33,0.5,114,0,0.353
roslyn,Line,BUG,1.0,1.0,0.0,0.0,0.0,0.59,0.59,102,0,0.352
roslyn,Module,BUG,0.96,0.96,456.68,999615.16,999.81,0.24,0.31,102,0,0.352
ansible,Line,BUG,1.0,1.0,0.0,0.0,0.0,0.9,0.9,303,0,0.219
ansible,Module,BUG,0.98,0.98,2023.19,11229698.08,3351.07,0.24,0.27,303,0,0.219
orleans,Line,DOCS,1.0,1.0,0.0,0.0,0.0,0.28,0.28,114,0,0.615
orleans,Module,DOCS,0.94,0.94,0.88,11.8,3.43,0.11,0.17,114,0,0.615
roslyn,Line,DOCS,1.0,1.0,0.0,0.0,0.0,0.4,0.4,102,0,0.515
roslyn,Module,DOCS,0.9,0.89,22.43,5375.73,73.32,0.05,0.14,102,0,0.515
ansible,Line,DOCS,1.0,1.0,0.0,0.0,0.0,0.63,0.63,303,0,0.362
ansible,Module,DOCS,1.0,1.0,371.09,451192.34,671.71,0.14,0.2,303,0,0.362
orleans,Line,REFACTOR,1.0,1.0,0.0,0.0,0.0,0.26,0.26,114,0,0.614
orleans,Module,REFACTOR,0.92,0.92,6.61,219.27,14.81,0.1,0.16,114,0,0.614
roslyn,Line,REFACTOR,1.0,1.0,0.0,0.0,0.0,0.41,0.41,102,0,0.484
roslyn,Module,REFACTOR,0.83,0.82,1188.92,25190854.13,5019.05,0.01,0.03,102,0,0.484
ansible,Line,REFACTOR,1.0,1.0,0.0,0.0,0.0,0.42,0.42,303,0,0.469
ansible,Module,REFACTOR,0.93,0.93,1142.25,6726110.39,2593.47,0.02,0.03,303,0,0.469
orleans,Line,TESTING,1.0,1.0,0.0,0.0,0.0,0.61,0.61,114,0,0.424
orleans,Module,TESTING,0.94,0.94,85.4,24767.53,157.38,0.13,0.2,114,0,0.424
roslyn,Line,TESTING,1.0,1.0,0.0,0.0,0.0,0.56,0.56,102,0,0.388
roslyn,Module,TESTING,0.9,0.89,679.36,2952318.83,1718.23,0.11,0.24,102,0,0.388
ansible,Line,TESTING,1.0,1.0,0.0,0.0,0.0,0.74,0.74,303,0,0.31
ansible,Module,TESTING,0.94,0.94,3191.06,34323875.94,5858.66,0.15,0.28,303,0,0.31
kubernetes,Line,BUG,1.0,1.0,0.0,0.0,0.0,0.61,0.61,641,0,0.36
kubernetes,Module,BUG,0.86,0.86,324.35,766458.44,875.48,0.13,0.24,641,0,0.36
lock,Line,BUG,1.0,1.0,0.0,0.0,0.0,0.48,0.48,492,0,0.527
lock,Module,BUG,0.49,0.48,81.89,79703.49,282.32,0.04,0.09,492,0,0.527
cli,Line,BUG,1.0,1.0,0.0,0.0,0.0,0.9,0.9,109,0,0.401
cli,Module,BUG,0.46,0.43,69.26,125547.27,354.33,0.17,0.35,109,0,0.401
angular.js,Line,BUG,1.0,1.0,0.0,0.0,0.0,1.0,1.0,204,0,0.127
angular.js,Module,BUG,0.99,0.99,105.51,31477.68,177.42,0.4,0.61,204,0,0.127
kubernetes,Line,DOCS,1.0,1.0,0.0,0.0,0.0,0.44,0.44,641,0,0.495
kubernetes,Module,DOCS,0.85,0.85,106.89,44196.02,210.23,0.06,0.17,641,0,0.495
orleans,Line,FEATURE,1.0,1.0,0.0,0.0,0.0,0.1,0.1,114,0,0.644
orleans,Module,FEATURE,0.99,0.99,8.95,2502.17,50.02,0.06,0.08,114,0,0.644
roslyn,Line,FEATURE,1.0,1.0,0.0,0.0,0.0,0.41,0.41,102,0,0.492
roslyn,Module,FEATURE,0.79,0.78,708.32,6117687.49,2473.4,0.03,0.06,102,0,0.492
nova,Line,BUG,1.0,1.0,0.0,0.0,0.0,0.89,0.89,234,0,0.198
nova,Module,BUG,0.98,0.98,133.06,46938.66,216.65,0.46,0.69,234,0,0.198
lock,Line,DOCS,1.0,1.0,0.0,0.0,0.0,0.03,0.03,492,0,0.67
lock,Module,DOCS,1.0,1.0,199.27,2650369.48,1628.0,0.0,0.0,492,0,0.67
ansible,Line,FEATURE,1.0,1.0,0.0,0.0,0.0,0.38,0.38,303,0,0.488
ansible,Module,FEATURE,0.9,0.9,187.69,128372.96,358.29,0.04,0.12,303,0,0.488
kubernetes,Line,REFACTOR,1.0,1.0,0.0,0.0,0.0,0.41,0.41,641,0,0.502
kubernetes,Module,REFACTOR,0.98,0.98,27.65,5991.47,77.4,0.15,0.25,641,0,0.502
lock,Line,REFACTOR,1.0,1.0,0.0,0.0,0.0,0.04,0.04,492,0,0.673
lock,Module,REFACTOR,0.99,0.99,2.35,253.69,15.93,0.0,0.01,492,0,0.673
cli,Line,DOCS,1.0,1.0,0.0,0.0,0.0,0.24,0.24,109,0,0.615
cli,Module,DOCS,0.91,0.91,2.99,165.05,12.85,0.06,0.1,109,0,0.615
angular.js,Line,DOCS,1.0,1.0,0.0,0.0,0.0,0.97,0.97,204,0,0.154
angular.js,Module,DOCS,0.94,0.94,85.48,43553.6,208.69,0.33,0.58,204,0,0.154
nova,Line,DOCS,1.0,1.0,0.0,0.0,0.0,0.62,0.62,234,0,0.394
nova,Module,DOCS,0.98,0.98,15.1,852.36,29.2,0.34,0.43,234,0,0.394
roslyn,Line,UPGRADE,1.0,1.0,0.0,0.0,0.0,0.4,0.4,102,0,0.533
roslyn,Module,UPGRADE,0.63,0.61,98.61,140772.74,375.2,0.0,0.05,102,0,0.533
orleans,Line,UPGRADE,1.0,1.0,0.0,0.0,0.0,0.25,0.25,114,0,0.585
orleans,Module,UPGRADE,0.77,0.76,10.69,1166.07,34.15,0.08,0.11,114,0,0.585
kubernetes,Line,TESTING,1.0,1.0,0.0,0.0,0.0,0.57,0.57,641,0,0.388
kubernetes,Module,TESTING,0.86,0.86,192.89,234454.39,484.2,0.19,0.26,641,0,0.388
lock,Line,TESTING,1.0,1.0,0.0,0.0,0.0,0.14,0.14,492,0,0.641
lock,Module,TESTING,0.99,0.99,22.27,37054.42,192.5,0.01,0.03,492,0,0.641
ansible,Line,UPGRADE,1.0,1.0,0.0,0.0,0.0,0.57,0.57,303,0,0.418
ansible,Module,UPGRADE,0.96,0.96,19.52,1539.69,39.24,0.15,0.29,303,0,0.418
kubernetes,Line,FEATURE,1.0,1.0,0.0,0.0,0.0,0.39,0.39,641,0,0.531
kubernetes,Module,FEATURE,0.97,0.97,14.33,1390.88,37.29,0.1,0.17,641,0,0.531
lock,Line,FEATURE,1.0,1.0,0.0,0.0,0.0,0.01,0.01,492,0,0.672
lock,Module,FEATURE,0.97,0.97,567.89,36045774.4,6003.81,0.0,0.0,492,0,0.672
cli,Line,REFACTOR,1.0,1.0,0.0,0.0,0.0,0.58,0.58,109,0,0.511
cli,Module,REFACTOR,0.9,0.9,38.14,21935.92,148.11,0.18,0.28,109,0,0.511
angular.js,Line,REFACTOR,1.0,1.0,0.0,0.0,0.0,0.8,0.8,204,0,0.305
angular.js,Module,REFACTOR,0.95,0.95,20.1,1654.64,40.68,0.25,0.45,204,0,0.305
roslyn,Line,RELEASE,1.0,1.0,0.0,0.0,0.0,0.32,0.32,102,0,0.553
roslyn,Module,RELEASE,0.77,0.76,53.97,50324.21,224.33,0.0,0.04,102,0,0.553
nova,Line,REFACTOR,1.0,1.0,0.0,0.0,0.0,0.61,0.61,234,0,0.41
nova,Module,REFACTOR,0.93,0.93,34.77,5143.35,71.72,0.12,0.24,234,0,0.41
orleans,Line,RELEASE,1.0,1.0,0.0,0.0,0.0,0.32,0.32,114,0,0.592
orleans,Module,RELEASE,0.85,0.84,1.25,12.19,3.49,0.08,0.12,114,0,0.592
kubernetes,Line,UPGRADE,1.0,1.0,0.0,0.0,0.0,0.49,0.49,641,0,0.459
kubernetes,Module,UPGRADE,0.99,0.99,8.92,503.73,22.44,0.18,0.27,641,0,0.459
lock,Line,UPGRADE,1.0,1.0,0.0,0.0,0.0,0.06,0.06,492,0,0.664
lock,Module,UPGRADE,0.98,0.98,22.67,166827.97,408.45,0.01,0.01,492,0,0.664
ansible,Line,RELEASE,1.0,1.0,0.0,0.0,0.0,0.92,0.92,303,0,0.357
ansible,Module,RELEASE,0.9,0.9,19.26,730.88,27.03,0.28,0.45,303,0,0.357
kubernetes,Line,RELEASE,1.0,1.0,0.0,0.0,0.0,0.47,0.47,641,0,0.404
kubernetes,Module,RELEASE,0.56,0.56,89.47,26895.68,164.0,0.02,0.06,641,0,0.404
cli,Line,TESTING,1.0,1.0,0.0,0.0,0.0,0.84,0.84,109,0,0.405
cli,Module,TESTING,0.95,0.95,125.63,788206.42,887.81,0.12,0.25,109,0,0.405
lock,Line,RELEASE,1.0,1.0,0.0,0.0,0.0,0.56,0.56,492,0,0.537
lock,Module,RELEASE,0.96,0.96,27.15,9607.39,98.02,0.09,0.14,492,0,0.537
nova,Line,TESTING,1.0,1.0,0.0,0.0,0.0,0.84,0.84,234,0,0.301
nova,Module,TESTING,0.95,0.95,251.37,270318.25,519.92,0.18,0.34,234,0,0.301
angular.js,Line,TESTING,1.0,1.0,0.0,0.0,0.0,0.83,0.83,204,0,0.281
angular.js,Module,TESTING,0.96,0.96,17.82,859.91,29.32,0.29,0.48,204,0,0.281
roslyn,Line,SUPPORT,1.0,1.0,0.0,0.0,0.0,0.46,0.46,102,0,0.462
roslyn,Module,SUPPORT,0.81,0.8,1345.93,52652286.9,7256.19,0.09,0.14,102,0,0.462
orleans,Line,SUPPORT,1.0,1.0,0.0,0.0,0.0,0.57,0.57,114,0,0.498
orleans,Module,SUPPORT,0.99,0.99,6.86,365.11,19.11,0.21,0.38,114,0,0.498
ansible,Line,SUPPORT,1.0,1.0,0.0,0.0,0.0,0.63,0.63,303,0,0.381
ansible,Module,SUPPORT,0.98,0.98,163.0,113306.8,336.61,0.19,0.25,303,0,0.381
kubernetes,Line,SUPPORT,1.0,1.0,0.0,0.0,0.0,0.51,0.51,641,0,0.448
kubernetes,Module,SUPPORT,0.99,0.99,65.75,31554.19,177.63,0.16,0.26,641,0,0.448
lock,Line,SUPPORT,1.0,1.0,0.0,0.0,0.0,0.14,0.14,492,0,0.638
lock,Module,SUPPORT,0.93,0.93,13.22,9289.97,96.38,0.01,0.03,492,0,0.638
cli,Line,FEATURE,1.0,1.0,0.0,0.0,0.0,0.2,0.2,109,0,0.628
cli,Module,FEATURE,0.73,0.72,39.96,86040.45,293.33,0.02,0.02,109,0,0.628
kubernetes,Line,OTHER,1.0,1.0,0.0,0.0,0.0,0.84,0.84,641,0,0.291
kubernetes,Module,OTHER,0.97,0.97,1162.49,5480640.1,2341.08,0.19,0.37,641,0,0.291
angular.js,Line,FEATURE,1.0,1.0,0.0,0.0,0.0,0.79,0.79,204,0,0.319
angular.js,Module,FEATURE,0.92,0.92,29.99,5614.89,74.93,0.3,0.44,204,0,0.319
nova,Line,FEATURE,1.0,1.0,0.0,0.0,0.0,0.44,0.44,234,0,0.538
nova,Module,FEATURE,0.88,0.88,3.82,87.72,9.37,0.24,0.33,234,0,0.538
roslyn,Line,OTHER,1.0,1.0,0.0,0.0,0.0,0.61,0.61,102,0,0.307
roslyn,Module,OTHER,0.89,0.88,7444.29,794528286.81,28187.38,0.13,0.27,102,0,0.307
lock,Line,OTHER,1.0,1.0,0.0,0.0,0.0,1.0,1.0,492,0,0.344
lock,Module,OTHER,0.66,0.66,309.02,3043270.14,1744.5,0.02,0.09,492,0,0.344
orleans,Line,OTHER,1.0,1.0,0.0,0.0,0.0,0.9,0.9,114,0,0.297
orleans,Module,OTHER,0.96,0.96,276.35,294370.98,542.56,0.21,0.38,114,0,0.297
ansible,Line,OTHER,1.0,1.0,0.0,0.0,0.0,0.95,0.95,303,0,0.202
ansible,Module,OTHER,0.98,0.98,4606.88,75804870.92,8706.6,0.23,0.29,303,0,0.202
cli,Line,UPGRADE,1.0,1.0,0.0,0.0,0.0,0.59,0.59,109,0,0.528
cli,Module,UPGRADE,0.96,0.96,17.22,2939.8,54.22,0.06,0.12,109,0,0.528
angular.js,Line,UPGRADE,1.0,1.0,0.0,0.0,0.0,0.43,0.43,204,0,0.502
angular.js,Module,UPGRADE,0.94,0.94,4.11,86.89,9.32,0.19,0.27,204,0,0.502
nova,Line,UPGRADE,1.0,1.0,0.0,0.0,0.0,0.49,0.49,234,0,0.49
nova,Module,UPGRADE,0.92,0.92,5.57,200.32,14.15,0.16,0.23,234,0,0.49
cli,Line,RELEASE,1.0,1.0,0.0,0.0,0.0,0.4,0.4,109,0,0.582
cli,Module,RELEASE,0.86,0.85,0.92,4.92,2.22,0.14,0.22,109,0,0.582
angular.js,Line,RELEASE,1.0,1.0,0.0,0.0,0.0,0.68,0.68,204,0,0.446
angular.js,Module,RELEASE,0.98,0.98,1.42,6.15,2.48,0.37,0.54,204,0,0.446
nova,Line,RELEASE,1.0,1.0,0.0,0.0,0.0,0.66,0.66,234,0,0.455
nova,Module,RELEASE,0.96,0.96,3.9,57.6,7.59,0.38,0.55,234,0,0.455
cli,Line,SUPPORT,1.0,1.0,0.0,0.0,0.0,0.56,0.56,109,0,0.524
cli,Module,SUPPORT,0.59,0.57,11.09,442.29,21.03,0.14,0.28,109,0,0.524
angular.js,Line,SUPPORT,1.0,1.0,0.0,0.0,0.0,0.25,0.25,204,0,0.606
angular.js,Module,SUPPORT,0.73,0.72,3.3,205.2,14.32,0.02,0.08,204,0,0.606
nova,Line,SUPPORT,1.0,1.0,0.0,0.0,0.0,0.7,0.7,234,0,0.372
nova,Module,SUPPORT,0.96,0.96,146.33,137339.66,370.59,0.21,0.28,234,0,0.372
cli,Line,OTHER,1.0,1.0,0.0,0.0,0.0,0.98,0.98,109,0,0.337
cli,Module,OTHER,0.82,0.81,371.92,450533.23,671.22,0.35,0.5,109,0,0.337
angular.js,Line,OTHER,1.0,1.0,0.0,0.0,0.0,0.92,0.92,204,0,0.199
angular.js,Module,OTHER,0.64,0.63,894.87,2265183.63,1505.05,0.03,0.11,204,0,0.199
nova,Line,OTHER,1.0,1.0,0.0,0.0,0.0,0.9,0.9,234,0,0.16
nova,Module,OTHER,0.99,0.99,658.94,2212464.2,1487.44,0.47,0.72,234,0,0.16
Odin,Line,BUG,1.0,1.0,0.0,0.0,0.0,0.94,0.94,35,0,0.422
Odin,Module,BUG,0.9,0.88,43.2,9522.33,97.58,0.31,0.6,35,0,0.422
mesos,Line,BUG,1.0,1.0,0.0,0.0,0.0,0.66,0.66,257,0,0.404
mesos,Module,BUG,1.0,1.0,7.87,303.33,17.42,0.44,0.53,257,0,0.404
Odin,Line,DOCS,1.0,1.0,83.63,171139.95,413.69,0.0,0.0,35,0,0.669
Odin,Module,DOCS,1.0,1.0,1.17,33.58,5.79,0.0,0.0,35,0,0.669
nixpkgs,Line,BUG,1.0,1.0,0.0,0.0,0.0,0.82,0.82,93,0,0.342
nixpkgs,Module,BUG,0.9,0.89,356.5,1343412.01,1159.06,0.18,0.34,93,0,0.342
react,Line,BUG,1.0,1.0,0.0,0.0,0.0,0.85,0.85,130,0,0.245
react,Module,BUG,1.0,1.0,299.38,739514.06,859.95,0.17,0.32,130,0,0.245
brew,Line,BUG,1.0,1.0,0.0,0.0,0.0,0.92,0.92,152,0,0.315
brew,Module,BUG,0.41,0.39,119.71,371456.65,609.47,0.09,0.16,152,0,0.315
Odin,Line,REFACTOR,1.0,1.0,79.56,125583.83,354.38,0.0,0.0,35,0,0.669
Odin,Module,REFACTOR,1.0,1.0,0.09,0.17,0.42,0.06,0.06,35,0,0.669
mesos,Line,DOCS,1.0,1.0,0.0,0.0,0.0,0.35,0.35,257,0,0.518
mesos,Module,DOCS,0.83,0.83,13.04,3171.81,56.32,0.1,0.16,257,0,0.518
nixpkgs,Line,DOCS,1.0,1.0,0.0,0.0,0.0,0.43,0.43,93,0,0.516
nixpkgs,Module,DOCS,0.8,0.79,11.55,1870.76,43.25,0.05,0.13,93,0,0.516
Odin,Line,TESTING,1.0,1.0,0.0,0.0,0.0,0.23,0.23,35,0,0.63
Odin,Module,TESTING,0.92,0.91,1.47,8.6,2.93,0.0,0.06,35,0,0.63
react,Line,DOCS,1.0,1.0,0.0,0.0,0.0,0.54,0.54,130,0,0.415
react,Module,DOCS,1.0,1.0,104.73,118292.19,343.94,0.08,0.17,130,0,0.415
brew,Line,DOCS,1.0,1.0,0.0,0.0,0.0,0.66,0.66,152,0,0.45
brew,Module,DOCS,0.79,0.78,7.02,220.04,14.83,0.12,0.2,152,0,0.45
Odin,Line,FEATURE,1.0,1.0,141.26,508387.72,713.01,0.0,0.0,35,0,0.669
Odin,Module,FEATURE,1.0,1.0,2.12,114.14,10.68,0.0,0.0,35,0,0.669
mesos,Line,REFACTOR,1.0,1.0,0.0,0.0,0.0,0.34,0.34,257,0,0.544
mesos,Module,REFACTOR,0.96,0.96,4.54,115.53,10.75,0.15,0.22,257,0,0.544
nixpkgs,Line,REFACTOR,1.0,1.0,0.0,0.0,0.0,0.35,0.35,93,0,0.533
nixpkgs,Module,REFACTOR,0.87,0.86,190.76,772719.77,879.04,0.04,0.05,93,0,0.533
react,Line,REFACTOR,1.0,1.0,0.0,0.0,0.0,0.26,0.26,130,0,0.577
react,Module,REFACTOR,0.96,0.96,65.81,49483.82,222.45,0.04,0.05,130,0,0.577
brew,Line,REFACTOR,1.0,1.0,0.0,0.0,0.0,0.39,0.39,152,0,0.557
brew,Module,REFACTOR,0.99,0.99,12.03,4389.41,66.25,0.07,0.11,152,0,0.557
mesos,Line,TESTING,1.0,1.0,0.0,0.0,0.0,0.45,0.45,257,0,0.478
mesos,Module,TESTING,0.99,0.99,8.56,318.31,17.84,0.23,0.28,257,0,0.478
nixpkgs,Line,TESTING,1.0,1.0,0.0,0.0,0.0,0.69,0.69,93,0,0.416
nixpkgs,Module,TESTING,0.74,0.73,528.27,14699713.32,3834.02,0.12,0.16,93,0,0.416
react,Line,TESTING,1.0,1.0,0.0,0.0,0.0,0.58,0.58,130,0,0.4
react,Module,TESTING,0.99,0.99,288.04,586317.35,765.71,0.06,0.13,130,0,0.4
linux,Line,BUG,1.0,1.0,0.0,0.0,0.0,1.0,1.0,640,0,0.136
linux,Module,BUG,0.97,0.97,41.37,15737.14,125.45,0.71,0.91,640,0,0.136
brew,Line,TESTING,1.0,1.0,0.0,0.0,0.0,0.76,0.76,152,0,0.403
brew,Module,TESTING,0.86,0.86,27.17,12155.2,110.25,0.11,0.22,152,0,0.403
cinder,Line,BUG,1.0,1.0,0.0,0.0,0.0,0.86,0.86,181,0,0.342
cinder,Module,BUG,0.96,0.96,80.48,14800.74,121.66,0.34,0.58,181,0,0.342
elasticsearch,Line,BUG,1.0,1.0,0.0,0.0,0.0,0.94,0.94,270,0,0.259
elasticsearch,Module,BUG,1.0,1.0,1473.73,7761952.32,2786.03,0.19,0.36,270,0,0.259
mesos,Line,FEATURE,1.0,1.0,0.0,0.0,0.0,0.15,0.15,257,0,0.638
mesos,Module,FEATURE,1.0,1.0,0.03,0.01,0.08,0.15,0.15,257,0,0.638
linux,Line,DOCS,1.0,1.0,0.0,0.0,0.0,0.59,0.59,640,0,0.504
linux,Module,DOCS,0.89,0.89,12.47,2888.57,53.75,0.09,0.18,640,0,0.504
nixpkgs,Line,FEATURE,1.0,1.0,0.0,0.0,0.0,0.39,0.39,93,0,0.538
nixpkgs,Module,FEATURE,0.74,0.73,36.44,83411.19,288.81,0.04,0.11,93,0,0.538
react,Line,FEATURE,1.0,1.0,0.0,0.0,0.0,0.27,0.27,130,0,0.6
react,Module,FEATURE,0.98,0.98,78.44,42180.4,205.38,0.03,0.08,130,0,0.6
brew,Line,FEATURE,1.0,1.0,0.0,0.0,0.0,0.05,0.05,152,0,0.658
brew,Module,FEATURE,0.91,0.91,0.13,0.34,0.58,0.01,0.01,152,0,0.658
linux,Line,REFACTOR,1.0,1.0,0.0,0.0,0.0,0.24,0.24,640,0,0.613
linux,Module,REFACTOR,0.94,0.94,2.99,121.58,11.03,0.08,0.12,640,0,0.613
cinder,Line,DOCS,1.0,1.0,0.0,0.0,0.0,0.46,0.46,181,0,0.526
cinder,Module,DOCS,0.98,0.98,8.27,272.52,16.51,0.1,0.21,181,0,0.526
elasticsearch,Line,DOCS,1.0,1.0,0.0,0.0,0.0,0.81,0.81,270,0,0.296
elasticsearch,Module,DOCS,1.0,1.0,626.64,2901458.91,1703.37,0.35,0.45,270,0,0.296
mesos,Line,UPGRADE,1.0,1.0,0.0,0.0,0.0,0.36,0.36,257,0,0.524
mesos,Module,UPGRADE,0.96,0.96,5.08,704.56,26.54,0.1,0.17,257,0,0.524
linux,Line,TESTING,1.0,1.0,0.0,0.0,0.0,0.67,0.67,640,0,0.464
linux,Module,TESTING,0.98,0.98,5.88,294.84,17.17,0.21,0.37,640,0,0.464
nixpkgs,Line,UPGRADE,1.0,1.0,0.0,0.0,0.0,0.78,0.78,93,0,0.412
nixpkgs,Module,UPGRADE,0.97,0.97,21.44,3600.01,60.0,0.16,0.35,93,0,0.412
react,Line,UPGRADE,1.0,1.0,0.0,0.0,0.0,0.35,0.35,130,0,0.536
react,Module,UPGRADE,0.93,0.93,48.74,32616.03,180.6,0.02,0.05,130,0,0.536
brew,Line,UPGRADE,1.0,1.0,0.0,0.0,0.0,0.79,0.79,152,0,0.389
brew,Module,UPGRADE,0.95,0.95,14.93,3249.85,57.01,0.08,0.22,152,0,0.389
cinder,Line,REFACTOR,1.0,1.0,0.0,0.0,0.0,0.35,0.35,181,0,0.558
cinder,Module,REFACTOR,0.93,0.93,8.65,240.7,15.51,0.1,0.22,181,0,0.558
linux,Line,FEATURE,1.0,1.0,0.0,0.0,0.0,0.42,0.42,640,0,0.562
linux,Module,FEATURE,0.95,0.95,2.38,56.17,7.49,0.17,0.27,640,0,0.562
elasticsearch,Line,REFACTOR,1.0,1.0,0.0,0.0,0.0,0.6,0.6,270,0,0.437
elasticsearch,Module,REFACTOR,1.0,1.0,618.39,2039804.82,1428.22,0.11,0.24,270,0,0.437
mesos,Line,RELEASE,1.0,1.0,0.0,0.0,0.0,0.4,0.4,257,0,0.538
mesos,Module,RELEASE,0.98,0.98,0.73,2.64,1.62,0.15,0.24,257,0,0.538
nixpkgs,Line,RELEASE,1.0,1.0,0.0,0.0,0.0,0.66,0.66,93,0,0.443
nixpkgs,Module,RELEASE,0.87,0.86,20.26,4813.54,69.38,0.15,0.26,93,0,0.443
react,Line,RELEASE,1.0,1.0,0.0,0.0,0.0,0.59,0.59,130,0,0.449
react,Module,RELEASE,0.97,0.97,170.12,396855.26,629.96,0.04,0.1,130,0,0.449
linux,Line,UPGRADE,1.0,1.0,0.0,0.0,0.0,0.23,0.23,640,0,0.625
linux,Module,UPGRADE,0.73,0.73,1.2,43.58,6.6,0.06,0.1,640,0,0.625
brew,Line,RELEASE,1.0,1.0,0.0,0.0,0.0,0.12,0.12,152,0,0.645
brew,Module,RELEASE,0.93,0.93,0.17,0.34,0.58,0.05,0.09,152,0,0.645
cinder,Line,TESTING,1.0,1.0,0.0,0.0,0.0,0.72,0.72,181,0,0.437
cinder,Module,TESTING,0.73,0.72,93.11,34426.98,185.55,0.06,0.14,181,0,0.437
elasticsearch,Line,TESTING,1.0,1.0,0.0,0.0,0.0,0.86,0.86,270,0,0.31
elasticsearch,Module,TESTING,1.0,1.0,1297.12,5070424.82,2251.76,0.23,0.3,270,0,0.31
mesos,Line,SUPPORT,1.0,1.0,0.0,0.0,0.0,0.39,0.39,257,0,0.514
mesos,Module,SUPPORT,0.97,0.97,6.77,197.23,14.04,0.18,0.28,257,0,0.514
linux,Line,RELEASE,1.0,1.0,0.0,0.0,0.0,0.57,0.57,640,0,0.496
linux,Module,RELEASE,0.49,0.49,6.78,3250.99,57.02,0.14,0.23,640,0,0.496
nixpkgs,Line,SUPPORT,1.0,1.0,0.0,0.0,0.0,0.73,0.73,93,0,0.415
nixpkgs,Module,SUPPORT,0.91,0.9,38.94,14106.92,118.77,0.19,0.4,93,0,0.415
react,Line,SUPPORT,1.0,1.0,0.0,0.0,0.0,0.45,0.45,130,0,0.477
react,Module,SUPPORT,0.99,0.99,30.69,8104.84,90.03,0.11,0.23,130,0,0.477
linux,Line,SUPPORT,1.0,1.0,0.0,0.0,0.0,0.9,0.9,640,0,0.368
linux,Module,SUPPORT,0.99,0.99,26.99,4297.43,65.55,0.2,0.29,640,0,0.368
brew,Line,SUPPORT,1.0,1.0,0.0,0.0,0.0,0.53,0.53,152,0,0.535
brew,Module,SUPPORT,0.83,0.82,5.37,290.85,17.05,0.04,0.11,152,0,0.535
elasticsearch,Line,FEATURE,1.0,1.0,0.0,0.0,0.0,0.44,0.44,270,0,0.477
elasticsearch,Module,FEATURE,0.99,0.99,374.57,545348.38,738.48,0.13,0.16,270,0,0.477
cinder,Line,FEATURE,1.0,1.0,0.0,0.0,0.0,0.3,0.3,181,0,0.589
cinder,Module,FEATURE,0.84,0.84,5.97,100.07,10.0,0.03,0.13,181,0,0.589
mesos,Line,OTHER,1.0,1.0,0.0,0.0,0.0,0.71,0.71,257,0,0.381
mesos,Module,OTHER,0.98,0.98,101.99,68679.41,262.07,0.26,0.34,257,0,0.381
nixpkgs,Line,OTHER,1.0,1.0,0.0,0.0,0.0,0.88,0.88,93,0,0.312
nixpkgs,Module,OTHER,0.98,0.98,1348.96,13936922.28,3733.22,0.26,0.54,93,0,0.312
linux,Line,OTHER,1.0,1.0,0.0,0.0,0.0,1.0,1.0,640,0,0.119
linux,Module,OTHER,0.98,0.98,345.12,925648.49,962.11,0.27,0.46,640,0,0.119
react,Line,OTHER,1.0,1.0,0.0,0.0,0.0,0.96,0.96,130,0,0.155
react,Module,OTHER,0.98,0.98,4373.74,123054411.72,11092.99,0.13,0.22,130,0,0.155
brew,Line,OTHER,1.0,1.0,0.0,0.0,0.0,0.99,0.99,152,0,0.199
brew,Module,OTHER,0.91,0.91,141.13,159100.51,398.87,0.18,0.36,152,0,0.199
elasticsearch,Line,UPGRADE,1.0,1.0,0.0,0.0,0.0,0.83,0.83,270,0,0.348
elasticsearch,Module,UPGRADE,1.0,1.0,1425.42,9882884.99,3143.71,0.28,0.3,270,0,0.348
cinder,Line,UPGRADE,1.0,1.0,0.0,0.0,0.0,0.45,0.45,181,0,0.551
cinder,Module,UPGRADE,0.81,0.8,4.1,64.3,8.02,0.12,0.29,181,0,0.551
elasticsearch,Line,RELEASE,1.0,1.0,0.0,0.0,0.0,0.96,0.96,270,0,0.322
elasticsearch,Module,RELEASE,0.68,0.67,894.56,2506659.68,1583.24,0.04,0.14,270,0,0.322
cinder,Line,RELEASE,1.0,1.0,0.0,0.0,0.0,0.44,0.44,181,0,0.554
cinder,Module,RELEASE,0.85,0.85,6.51,107.69,10.38,0.06,0.15,181,0,0.554
cinder,Line,SUPPORT,1.0,1.0,0.0,0.0,0.0,0.69,0.69,181,0,0.423
cinder,Module,SUPPORT,0.97,0.97,23.65,2002.4,44.75,0.32,0.45,181,0,0.423
elasticsearch,Line,SUPPORT,1.0,1.0,0.0,0.0,0.0,0.82,0.82,270,0,0.339
elasticsearch,Module,SUPPORT,1.0,1.0,598.38,1087128.21,1042.65,0.3,0.33,270,0,0.339
cinder,Line,OTHER,1.0,1.0,0.0,0.0,0.0,0.89,0.89,181,0,0.279
cinder,Module,OTHER,0.98,0.98,216.11,116775.89,341.72,0.43,0.6,181,0,0.279
elasticsearch,Line,OTHER,1.0,1.0,0.0,0.0,0.0,1.0,1.0,270,0,0.235
elasticsearch,Module,OTHER,0.99,0.99,39651.69,4766739424.52,69041.58,0.11,0.17,270,0,0.235
cf-deployment,Line,BUG,1.0,1.0,0.0,0.0,0.0,0.39,0.39,192,0,0.546
cf-deployment,Module,BUG,0.45,0.44,5.05,196.54,14.02,0.05,0.08,192,0,0.546
cf-deployment,Line,DOCS,1.0,1.0,0.0,0.0,0.0,0.09,0.09,192,0,0.649
cf-deployment,Module,DOCS,0.7,0.69,1.24,133.78,11.57,0.02,0.03,192,0,0.649
cf-deployment,Line,REFACTOR,1.0,1.0,0.0,0.0,0.0,0.03,0.03,192,0,0.672
cf-deployment,Module,REFACTOR,0.88,0.88,1.83,243.74,15.61,0.0,0.0,192,0,0.672
cf-deployment,Line,TESTING,1.0,1.0,0.0,0.0,0.0,0.47,0.47,192,0,0.531
cf-deployment,Module,TESTING,0.46,0.45,6.8,812.39,28.5,0.1,0.18,192,0,0.531
cf-deployment,Line,FEATURE,1.0,1.0,0.14,2.0,1.41,0.01,0.01,192,0,0.677
cf-deployment,Module,FEATURE,1.0,1.0,0.02,0.04,0.21,0.0,0.02,192,0,0.677
cf-deployment,Line,UPGRADE,1.0,1.0,0.0,0.0,0.0,0.07,0.07,192,0,0.667
cf-deployment,Module,UPGRADE,0.7,0.69,1.09,99.0,9.95,0.02,0.02,192,0,0.667
cf-deployment,Line,RELEASE,1.0,1.0,0.0,0.0,0.0,0.49,0.49,192,0,0.526
cf-deployment,Module,RELEASE,0.85,0.85,5.87,651.05,25.52,0.24,0.33,192,0,0.526
cf-deployment,Line,SUPPORT,1.0,1.0,0.0,0.0,0.0,0.17,0.17,192,0,0.635
cf-deployment,Module,SUPPORT,0.99,0.99,1.25,38.9,6.24,0.05,0.07,192,0,0.635
cf-deployment,Line,OTHER,1.0,1.0,0.0,0.0,0.0,0.93,0.93,192,0,0.26
cf-deployment,Module,OTHER,0.81,0.8,19.79,939.82,30.66,0.14,0.28,192,0,0.26
office-js,Line,BUG,1.0,1.0,0.0,0.0,0.0,0.07,0.07,307,0,0.662
office-js,Module,BUG,0.98,0.98,1.84,226.89,15.06,0.02,0.03,307,0,0.662
webpack,Line,BUG,1.0,1.0,0.0,0.0,0.0,0.76,0.76,424,0,0.367
webpack,Module,BUG,0.96,0.96,19.47,2556.59,50.56,0.16,0.27,424,0,0.367
d3,Line,BUG,1.0,1.0,0.0,0.0,0.0,0.59,0.59,262,0,0.527
d3,Module,BUG,0.87,0.87,3.17,111.35,10.55,0.21,0.38,262,0,0.527
socket.io,Line,BUG,1.0,1.0,0.0,0.0,0.0,0.66,0.66,127,0,0.511
socket.io,Module,BUG,0.95,0.95,7.76,884.11,29.73,0.22,0.39,127,0,0.511
webpack,Line,DOCS,1.0,1.0,0.0,0.0,0.0,0.09,0.09,424,0,0.658
webpack,Module,DOCS,0.95,0.95,0.53,22.53,4.75,0.03,0.04,424,0,0.658
jekyll,Line,BUG,1.0,1.0,0.0,0.0,0.0,0.81,0.81,138,0,0.391
jekyll,Module,BUG,0.74,0.73,40.5,13422.3,115.85,0.04,0.13,138,0,0.391
webpack,Line,REFACTOR,1.0,1.0,0.0,0.0,0.0,0.21,0.21,424,0,0.593
webpack,Module,REFACTOR,0.78,0.78,44.41,34581.97,185.96,0.02,0.04,424,0,0.593
d3,Line,DOCS,1.0,1.0,0.02,0.06,0.25,0.0,0.0,262,0,0.681
d3,Module,DOCS,1.0,1.0,0.0,0.0,0.06,0.0,0.0,262,0,0.681
socket.io,Line,DOCS,1.0,1.0,0.0,0.0,0.0,0.14,0.14,127,0,0.632
socket.io,Module,DOCS,1.0,1.0,79.83,345431.17,587.73,0.05,0.08,127,0,0.632
webpack,Line,TESTING,1.0,1.0,0.0,0.0,0.0,0.44,0.44,424,0,0.497
webpack,Module,TESTING,0.96,0.96,13.79,1722.75,41.51,0.1,0.16,424,0,0.497
jekyll,Line,DOCS,1.0,1.0,0.0,0.0,0.0,0.52,0.52,138,0,0.485
jekyll,Module,DOCS,0.85,0.84,44.99,38132.47,195.28,0.07,0.14,138,0,0.485
d3,Line,REFACTOR,1.0,1.0,0.0,0.0,0.0,0.03,0.03,262,0,0.674
d3,Module,REFACTOR,1.0,1.0,3.15,1636.48,40.45,0.0,0.01,262,0,0.674
webpack,Line,FEATURE,1.0,1.0,0.0,0.0,0.0,0.15,0.15,424,0,0.591
webpack,Module,FEATURE,0.7,0.7,17.82,8069.37,89.83,0.02,0.04,424,0,0.591
socket.io,Line,REFACTOR,1.0,1.0,0.0,0.0,0.0,0.07,0.07,127,0,0.666
socket.io,Module,REFACTOR,0.84,0.83,0.42,4.9,2.21,0.0,0.01,127,0,0.666
jekyll,Line,REFACTOR,1.0,1.0,0.0,0.0,0.0,0.3,0.3,138,0,0.6
jekyll,Module,REFACTOR,0.98,0.98,0.25,0.22,0.47,0.14,0.22,138,0,0.6
lodash,Line,BUG,1.0,1.0,0.0,0.0,0.0,0.2,0.2,414,0,0.601
lodash,Module,BUG,1.0,1.0,1.48,70.73,8.41,0.08,0.13,414,0,0.601
webpack,Line,UPGRADE,1.0,1.0,0.0,0.0,0.0,0.15,0.15,424,0,0.63
webpack,Module,UPGRADE,0.9,0.9,1.21,28.67,5.35,0.04,0.06,424,0,0.63
requests,Line,BUG,1.0,1.0,0.0,0.0,0.0,0.76,0.76,137,0,0.388
requests,Module,BUG,0.84,0.83,3.57,194.3,13.94,0.3,0.45,137,0,0.388
d3,Line,TESTING,1.0,1.0,0.0,0.0,0.0,0.24,0.24,262,0,0.613
d3,Module,TESTING,0.57,0.56,27.93,148426.36,385.26,0.02,0.05,262,0,0.613
socket.io,Line,TESTING,1.0,1.0,0.0,0.0,0.0,0.35,0.35,127,0,0.587
socket.io,Module,TESTING,0.97,0.97,1.77,20.43,4.52,0.12,0.24,127,0,0.587
lodash,Line,DOCS,1.0,1.0,0.0,0.0,0.0,0.24,0.24,414,0,0.588
lodash,Module,DOCS,1.0,1.0,4.97,144.59,12.02,0.05,0.09,414,0,0.588
jekyll,Line,TESTING,1.0,1.0,0.0,0.0,0.0,0.71,0.71,138,0,0.436
jekyll,Module,TESTING,0.88,0.88,9.34,934.65,30.57,0.29,0.47,138,0,0.436
lodash,Line,REFACTOR,1.0,1.0,0.0,0.0,0.0,0.03,0.03,414,0,0.666
lodash,Module,REFACTOR,1.0,1.0,0.02,0.06,0.24,0.02,0.02,414,0,0.666
d3,Line,FEATURE,1.0,1.0,0.2,8.85,2.97,0.0,0.0,262,0,0.68
d3,Module,FEATURE,1.0,1.0,0.02,0.06,0.25,0.0,0.0,262,0,0.68
requests,Line,DOCS,1.0,1.0,0.0,0.0,0.0,0.51,0.51,137,0,0.509
requests,Module,DOCS,0.89,0.89,1.7,22.97,4.79,0.11,0.26,137,0,0.509
socket.io,Line,FEATURE,1.0,1.0,0.0,0.0,0.0,0.07,0.07,127,0,0.657
socket.io,Module,FEATURE,1.0,1.0,16.66,16583.43,128.78,0.02,0.02,127,0,0.657
jekyll,Line,FEATURE,1.0,1.0,0.0,0.0,0.0,0.25,0.25,138,0,0.604
jekyll,Module,FEATURE,0.99,0.99,8.54,1543.62,39.29,0.02,0.06,138,0,0.604
lodash,Line,TESTING,1.0,1.0,0.0,0.0,0.0,0.23,0.23,414,0,0.59
lodash,Module,TESTING,1.0,1.0,1.98,84.43,9.19,0.12,0.21,414,0,0.59
d3,Line,UPGRADE,1.0,1.0,5.9,8949.44,94.6,0.01,0.01,262,0,0.678
d3,Module,UPGRADE,1.0,1.0,0.06,0.63,0.79,0.01,0.02,262,0,0.678
requests,Line,REFACTOR,1.0,1.0,0.0,0.0,0.0,0.07,0.07,137,0,0.661
requests,Module,REFACTOR,0.9,0.9,0.24,2.2,1.48,0.01,0.02,137,0,0.661
lodash,Line,FEATURE,1.0,1.0,0.0,0.0,0.0,0.04,0.04,414,0,0.663
lodash,Module,FEATURE,1.0,1.0,0.19,4.74,2.18,0.02,0.02,414,0,0.663
socket.io,Line,UPGRADE,1.0,1.0,0.0,0.0,0.01,0.04,0.04,127,0,0.673
socket.io,Module,UPGRADE,1.0,1.0,0.13,0.65,0.81,0.01,0.01,127,0,0.673
jekyll,Line,UPGRADE,1.0,1.0,0.0,0.0,0.0,0.33,0.33,138,0,0.572
jekyll,Module,UPGRADE,1.0,1.0,2.9,94.28,9.71,0.08,0.12,138,0,0.572
lodash,Line,UPGRADE,1.0,1.0,0.0,0.0,0.0,0.06,0.06,414,0,0.659
lodash,Module,UPGRADE,1.0,1.0,0.57,26.87,5.18,0.02,0.03,414,0,0.659
d3,Line,RELEASE,1.0,1.0,0.0,0.0,0.0,0.02,0.02,262,0,0.647
d3,Module,RELEASE,0.93,0.93,0.14,0.31,0.56,0.01,0.02,262,0,0.647
requests,Line,TESTING,1.0,1.0,0.0,0.0,0.0,0.61,0.61,137,0,0.477
requests,Module,TESTING,0.83,0.82,2.68,71.42,8.45,0.12,0.2,137,0,0.477
socket.io,Line,RELEASE,1.0,1.0,0.0,0.0,0.0,0.8,0.8,127,0,0.496
socket.io,Module,RELEASE,1.0,1.0,0.59,0.84,0.92,0.5,0.76,127,0,0.496
lodash,Line,RELEASE,1.0,1.0,0.22,7.13,2.67,0.02,0.03,414,0,0.668
lodash,Module,RELEASE,0.99,0.99,0.34,41.62,6.45,0.02,0.02,414,0,0.668
jekyll,Line,RELEASE,1.0,1.0,0.0,0.0,0.0,0.85,0.85,138,0,0.439
jekyll,Module,RELEASE,0.84,0.83,7.26,411.15,20.28,0.22,0.42,138,0,0.439
lodash,Line,SUPPORT,1.0,1.0,0.0,0.0,0.0,0.12,0.12,414,0,0.635
lodash,Module,SUPPORT,1.0,1.0,0.27,0.99,1.0,0.06,0.1,414,0,0.635
d3,Line,SUPPORT,1.0,1.0,0.0,0.0,0.0,0.1,0.1,262,0,0.655
d3,Module,SUPPORT,0.97,0.97,0.29,1.44,1.2,0.05,0.09,262,0,0.655
requests,Line,FEATURE,1.0,1.0,0.0,0.0,0.0,0.05,0.05,137,0,0.649
requests,Module,FEATURE,0.79,0.78,0.1,0.12,0.35,0.01,0.03,137,0,0.649
socket.io,Line,SUPPORT,1.0,1.0,0.0,0.0,0.0,0.16,0.16,127,0,0.646
socket.io,Module,SUPPORT,0.91,0.91,0.62,3.97,1.99,0.03,0.07,127,0,0.646
jekyll,Line,SUPPORT,1.0,1.0,0.0,0.0,0.0,0.42,0.42,138,0,0.567
jekyll,Module,SUPPORT,1.0,1.0,5.96,1280.79,35.79,0.07,0.25,138,0,0.567
lodash,Line,OTHER,1.0,1.0,0.0,0.0,0.0,1.0,1.0,414,0,0.342
lodash,Module,OTHER,0.91,0.91,608.63,4522355.16,2126.58,0.18,0.29,414,0,0.342
d3,Line,OTHER,1.0,1.0,0.0,0.0,0.0,0.9,0.9,262,0,0.424
d3,Module,OTHER,0.91,0.91,22.51,4731.9,68.79,0.14,0.29,262,0,0.424
requests,Line,UPGRADE,1.0,1.0,0.0,0.0,0.0,0.15,0.15,137,0,0.646
requests,Module,UPGRADE,0.94,0.94,0.35,1.39,1.18,0.02,0.05,137,0,0.646
socket.io,Line,OTHER,1.0,1.0,0.0,0.0,0.0,0.74,0.74,127,0,0.491
socket.io,Module,OTHER,1.0,1.0,18.29,7907.18,88.92,0.24,0.38,127,0,0.491
jekyll,Line,OTHER,1.0,1.0,0.0,0.0,0.0,0.97,0.97,138,0,0.285
jekyll,Module,OTHER,0.86,0.85,193.34,246434.12,496.42,0.15,0.25,138,0,0.285
requests,Line,RELEASE,1.0,1.0,0.0,0.0,0.0,0.2,0.2,137,0,0.598
requests,Module,RELEASE,0.73,0.72,0.25,0.42,0.65,0.04,0.12,137,0,0.598
requests,Line,SUPPORT,1.0,1.0,0.0,0.0,0.0,0.33,0.33,137,0,0.593
requests,Module,SUPPORT,0.93,0.93,0.39,0.61,0.78,0.11,0.24,137,0,0.593
json-server,Line,BUG,1.0,1.0,0.0,0.0,0.0,0.54,0.54,121,0,0.546
json-server,Module,BUG,0.61,0.59,29.5,21835.94,147.77,0.07,0.15,121,0,0.546
requests,Line,OTHER,1.0,1.0,0.0,0.0,0.0,0.99,0.99,137,0,0.257
requests,Module,OTHER,0.8,0.79,33.34,6086.97,78.02,0.23,0.39,137,0,0.257
pm2,Line,BUG,1.0,1.0,0.0,0.0,0.0,0.81,0.81,137,0,0.35
pm2,Module,BUG,0.87,0.87,6.3,141.88,11.91,0.3,0.45,137,0,0.35
json-server,Line,DOCS,1.0,1.0,0.1,0.77,0.88,0.0,0.0,121,0,0.678
json-server,Module,DOCS,1.0,1.0,0.02,0.04,0.19,0.0,0.0,121,0,0.678
pm2,Line,DOCS,1.0,1.0,0.0,0.0,0.0,0.15,0.15,137,0,0.641
pm2,Module,DOCS,0.5,0.48,1.3,71.55,8.46,0.0,0.04,137,0,0.641
json-server,Line,REFACTOR,1.0,1.0,0.0,0.0,0.0,0.1,0.1,121,0,0.658
json-server,Module,REFACTOR,0.86,0.85,0.47,4.48,2.12,0.04,0.05,121,0,0.658
pm2,Line,REFACTOR,1.0,1.0,0.0,0.0,0.0,0.25,0.25,137,0,0.608
pm2,Module,REFACTOR,0.84,0.83,6.47,1017.52,31.9,0.08,0.12,137,0,0.608
json-server,Line,TESTING,1.0,1.0,0.0,0.0,0.0,0.13,0.13,121,0,0.65
json-server,Module,TESTING,1.0,1.0,13.71,22110.22,148.7,0.04,0.07,121,0,0.65
pm2,Line,TESTING,1.0,1.0,0.0,0.0,0.0,0.53,0.53,137,0,0.515
pm2,Module,TESTING,0.51,0.49,9.02,752.96,27.44,0.17,0.26,137,0,0.515
json-server,Line,FEATURE,1.0,1.0,0.27,9.0,3.0,0.0,0.0,121,0,0.68
json-server,Module,FEATURE,1.0,1.0,0.03,0.13,0.36,0.0,0.0,121,0,0.68
video.js,Line,BUG,1.0,1.0,0.0,0.0,0.0,0.65,0.65,398,0,0.452
video.js,Module,BUG,0.96,0.96,114.59,72168.98,268.64,0.07,0.1,398,0,0.452
pm2,Line,FEATURE,1.0,1.0,0.0,0.0,0.0,0.31,0.31,137,0,0.598
pm2,Module,FEATURE,0.88,0.88,1.74,13.65,3.69,0.08,0.15,137,0,0.598
json-server,Line,UPGRADE,1.0,1.0,111.5,473738.16,688.29,0.02,0.02,121,0,0.672
json-server,Module,UPGRADE,0.98,0.98,0.35,6.58,2.57,0.01,0.02,121,0,0.672
video.js,Line,DOCS,1.0,1.0,0.0,0.0,0.0,0.21,0.21,398,0,0.613
video.js,Module,DOCS,0.99,0.99,48.79,273132.05,522.62,0.02,0.06,398,0,0.613
video.js,Line,REFACTOR,1.0,1.0,0.0,0.0,0.0,0.1,0.1,398,0,0.644
video.js,Module,REFACTOR,1.0,1.0,12.42,2292.75,47.88,0.03,0.04,398,0,0.644
pm2,Line,UPGRADE,1.0,1.0,0.0,0.0,0.0,0.35,0.35,137,0,0.587
pm2,Module,UPGRADE,0.72,0.71,1.91,48.67,6.98,0.07,0.13,137,0,0.587
video.js,Line,TESTING,1.0,1.0,0.0,0.0,0.0,0.24,0.24,398,0,0.6
video.js,Module,TESTING,0.96,0.96,13.44,2509.33,50.09,0.06,0.09,398,0,0.6
pm2,Line,RELEASE,1.0,1.0,0.0,0.0,0.0,0.19,0.19,137,0,0.636
pm2,Module,RELEASE,0.77,0.76,0.67,19.96,4.47,0.04,0.09,137,0,0.636
video.js,Line,FEATURE,1.0,1.0,0.0,0.0,0.0,0.16,0.16,398,0,0.603
video.js,Module,FEATURE,0.96,0.96,39.27,17602.99,132.68,0.05,0.08,398,0,0.603
pm2,Line,SUPPORT,1.0,1.0,0.0,0.0,0.0,0.22,0.22,137,0,0.616
pm2,Module,SUPPORT,0.62,0.61,4.67,462.7,21.51,0.04,0.06,137,0,0.616
video.js,Line,UPGRADE,1.0,1.0,0.0,0.0,0.0,0.03,0.03,398,0,0.675
video.js,Module,UPGRADE,1.0,1.0,60.36,711034.02,843.23,0.01,0.02,398,0,0.675
pm2,Line,OTHER,1.0,1.0,0.0,0.0,0.0,0.93,0.93,137,0,0.275
pm2,Module,OTHER,0.78,0.77,33.48,5583.65,74.72,0.17,0.35,137,0,0.275
video.js,Line,RELEASE,1.0,1.0,0.0,0.0,0.0,0.24,0.24,398,0,0.622
video.js,Module,RELEASE,0.84,0.84,7.19,369.33,19.22,0.03,0.09,398,0,0.622
video.js,Line,SUPPORT,1.0,1.0,0.0,0.0,0.0,0.09,0.09,398,0,0.658
video.js,Module,SUPPORT,0.98,0.98,1.7,72.43,8.51,0.0,0.05,398,0,0.658
devise,Line,BUG,1.0,1.0,0.0,0.0,0.0,0.78,0.78,134,0,0.394
devise,Module,BUG,0.93,0.93,11.67,2737.22,52.32,0.34,0.55,134,0,0.394
video.js,Line,OTHER,1.0,1.0,0.0,0.0,0.0,0.98,0.98,398,0,0.308
video.js,Module,OTHER,0.94,0.94,71.78,21482.79,146.57,0.08,0.2,398,0,0.308
npm,Line,BUG,1.0,1.0,0.0,0.0,0.0,0.62,0.62,591,0,0.477
npm,Module,BUG,0.99,0.99,8.42,789.15,28.09,0.23,0.38,591,0,0.477
jest,Line,BUG,1.0,1.0,0.0,0.0,0.0,0.67,0.67,180,0,0.408
jest,Module,BUG,0.81,0.8,102.19,76329.95,276.28,0.07,0.21,180,0,0.408
webtorrent,Line,BUG,1.0,1.0,0.0,0.0,0.0,0.47,0.47,306,0,0.569
webtorrent,Module,BUG,0.53,0.52,1.61,61.33,7.83,0.19,0.35,306,0,0.569
devise,Line,DOCS,1.0,1.0,0.0,0.0,0.0,0.32,0.32,134,0,0.577
devise,Module,DOCS,0.94,0.94,0.83,4.8,2.19,0.11,0.19,134,0,0.577
npm,Line,DOCS,1.0,1.0,0.0,0.0,0.0,0.32,0.32,591,0,0.557
npm,Module,DOCS,0.94,0.94,6.5,1242.27,35.25,0.08,0.15,591,0,0.557
jest,Line,DOCS,1.0,1.0,0.0,0.0,0.0,0.33,0.33,180,0,0.559
jest,Module,DOCS,0.9,0.9,29.82,32139.17,179.27,0.03,0.08,180,0,0.559
webtorrent,Line,DOCS,1.0,1.0,0.0,0.0,0.0,0.08,0.08,306,0,0.662
webtorrent,Module,DOCS,0.91,0.91,0.12,0.58,0.76,0.01,0.05,306,0,0.662
npm,Line,REFACTOR,1.0,1.0,0.0,0.0,0.0,0.1,0.1,591,0,0.643
npm,Module,REFACTOR,0.97,0.97,1.39,34.59,5.88,0.04,0.07,591,0,0.643
devise,Line,REFACTOR,1.0,1.0,0.0,0.0,0.0,0.28,0.28,134,0,0.601
devise,Module,REFACTOR,0.85,0.84,2.02,168.29,12.97,0.08,0.13,134,0,0.601
npm,Line,TESTING,1.0,1.0,0.0,0.0,0.0,0.42,0.42,591,0,0.537
npm,Module,TESTING,0.95,0.95,11.23,966.98,31.1,0.09,0.18,591,0,0.537
mongoose,Line,BUG,1.0,1.0,0.0,0.0,0.0,0.94,0.94,582,0,0.381
mongoose,Module,BUG,0.98,0.98,16.26,2234.37,47.27,0.24,0.46,582,0,0.381
jest,Line,REFACTOR,1.0,1.0,0.0,0.0,0.0,0.09,0.09,180,0,0.653
jest,Module,REFACTOR,0.67,0.66,140.81,798393.08,893.53,0.01,0.01,180,0,0.653
webtorrent,Line,REFACTOR,1.0,1.0,0.14,2.55,1.6,0.02,0.02,306,0,0.678
webtorrent,Module,REFACTOR,0.94,0.94,0.02,0.02,0.14,0.0,0.01,306,0,0.678
devise,Line,TESTING,1.0,1.0,0.0,0.0,0.0,0.54,0.54,134,0,0.463
devise,Module,TESTING,0.95,0.95,9.82,738.54,27.18,0.12,0.23,134,0,0.463
npm,Line,FEATURE,1.0,1.0,0.0,0.0,0.0,0.12,0.12,591,0,0.628
npm,Module,FEATURE,0.95,0.95,0.63,15.14,3.89,0.01,0.03,591,0,0.628
mongoose,Line,DOCS,1.0,1.0,0.0,0.0,0.0,0.59,0.59,582,0,0.507
mongoose,Module,DOCS,0.99,0.99,10.37,664.11,25.77,0.09,0.13,582,0,0.507
jest,Line,TESTING,1.0,1.0,0.0,0.0,0.0,0.5,0.5,180,0,0.498
jest,Module,TESTING,0.55,0.54,302.52,1815472.97,1347.39,0.03,0.07,180,0,0.498
webtorrent,Line,TESTING,1.0,1.0,0.0,0.0,0.0,0.2,0.2,306,0,0.638
webtorrent,Module,TESTING,0.62,0.61,0.94,19.34,4.4,0.04,0.06,306,0,0.638
npm,Line,UPGRADE,1.0,1.0,0.0,0.0,0.0,0.46,0.46,591,0,0.532
npm,Module,UPGRADE,1.0,1.0,10.87,1473.34,38.38,0.19,0.28,591,0,0.532
mongoose,Line,REFACTOR,1.0,1.0,0.0,0.0,0.0,0.31,0.31,582,0,0.596
mongoose,Module,REFACTOR,0.98,0.98,2.95,98.5,9.92,0.09,0.15,582,0,0.596
devise,Line,FEATURE,1.0,1.0,0.0,0.0,0.0,0.05,0.05,134,0,0.659
devise,Module,FEATURE,1.0,1.0,0.01,0.0,0.06,0.04,0.04,134,0,0.659
npm,Line,RELEASE,1.0,1.0,0.0,0.0,0.0,0.12,0.12,591,0,0.629
npm,Module,RELEASE,1.0,1.0,0.1,0.08,0.29,0.11,0.12,591,0,0.629
mongoose,Line,TESTING,1.0,1.0,0.0,0.0,0.0,0.81,0.81,582,0,0.461
mongoose,Module,TESTING,0.98,0.98,4.23,108.79,10.43,0.29,0.5,582,0,0.461
jest,Line,FEATURE,1.0,1.0,0.0,0.0,0.0,0.13,0.13,180,0,0.646
jest,Module,FEATURE,0.73,0.72,129.91,417435.09,646.09,0.01,0.01,180,0,0.646
webtorrent,Line,FEATURE,1.0,1.0,0.0,0.0,0.0,0.01,0.01,306,0,0.676
webtorrent,Module,FEATURE,0.76,0.76,0.04,0.16,0.4,0.0,0.0,306,0,0.676
npm,Line,SUPPORT,1.0,1.0,0.0,0.0,0.0,0.28,0.28,591,0,0.581
npm,Module,SUPPORT,0.88,0.88,1.88,45.97,6.78,0.1,0.16,591,0,0.581
mongoose,Line,FEATURE,1.0,1.0,0.0,0.0,0.0,0.14,0.14,582,0,0.632
mongoose,Module,FEATURE,1.0,1.0,0.46,2.79,1.67,0.07,0.09,582,0,0.632
devise,Line,UPGRADE,1.0,1.0,0.0,0.0,0.0,0.21,0.21,134,0,0.611
devise,Module,UPGRADE,0.96,0.96,0.48,0.92,0.96,0.07,0.12,134,0,0.611
webtorrent,Line,UPGRADE,1.0,1.0,0.08,1.7,1.3,0.01,0.01,306,0,0.679
webtorrent,Module,UPGRADE,1.0,1.0,0.02,0.06,0.25,0.0,0.0,306,0,0.679
jest,Line,UPGRADE,1.0,1.0,0.0,0.0,0.0,0.2,0.2,180,0,0.62
jest,Module,UPGRADE,0.82,0.81,92.78,131100.56,362.08,0.02,0.03,180,0,0.62
mongoose,Line,UPGRADE,1.0,1.0,0.0,0.0,0.0,0.12,0.12,582,0,0.643
mongoose,Module,UPGRADE,0.62,0.62,1.13,95.87,9.79,0.01,0.02,582,0,0.643
npm,Line,OTHER,1.0,1.0,0.0,0.0,0.0,0.99,0.99,591,0,0.372
npm,Module,OTHER,1.0,1.0,157.58,420272.33,648.28,0.25,0.38,591,0,0.372
devise,Line,RELEASE,1.0,1.0,0.0,0.0,0.0,0.8,0.8,134,0,0.477
devise,Module,RELEASE,0.94,0.94,1.68,4.85,2.2,0.3,0.56,134,0,0.477
mongoose,Line,RELEASE,1.0,1.0,0.0,0.0,0.0,0.97,0.97,582,0,0.453
mongoose,Module,RELEASE,0.97,0.97,3.17,143.0,11.96,0.34,0.76,582,0,0.453
superagent,Line,BUG,1.0,1.0,0.0,0.0,0.0,0.69,0.69,135,0,0.464
superagent,Module,BUG,0.66,0.65,2.06,11.6,3.41,0.12,0.32,135,0,0.464
jest,Line,RELEASE,1.0,1.0,0.0,0.0,0.0,0.3,0.3,180,0,0.609
jest,Module,RELEASE,0.75,0.74,9.98,395.71,19.89,0.02,0.07,180,0,0.609
mongoose,Line,SUPPORT,1.0,1.0,0.0,0.0,0.0,0.22,0.22,582,0,0.627
mongoose,Module,SUPPORT,1.0,1.0,0.7,7.58,2.75,0.12,0.19,582,0,0.627
devise,Line,SUPPORT,1.0,1.0,0.0,0.0,0.0,0.31,0.31,134,0,0.577
devise,Module,SUPPORT,0.94,0.94,1.95,26.54,5.15,0.1,0.18,134,0,0.577
superagent,Line,DOCS,1.0,1.0,0.0,0.0,0.0,0.21,0.21,135,0,0.623
superagent,Module,DOCS,0.72,0.71,1.24,68.84,8.3,0.05,0.13,135,0,0.623
mongoose,Line,OTHER,1.0,1.0,0.0,0.0,0.0,0.91,0.91,582,0,0.355
mongoose,Module,OTHER,0.93,0.93,34.89,10359.24,101.78,0.15,0.31,582,0,0.355
jest,Line,SUPPORT,1.0,1.0,0.0,0.0,0.0,0.24,0.24,180,0,0.598
jest,Module,SUPPORT,0.92,0.92,28.86,18559.62,136.23,0.03,0.07,180,0,0.598
devise,Line,OTHER,1.0,1.0,0.0,0.0,0.0,0.96,0.96,134,0,0.295
devise,Module,OTHER,0.93,0.93,64.28,21127.81,145.35,0.2,0.42,134,0,0.295
superagent,Line,REFACTOR,1.0,1.0,0.0,0.0,0.0,0.16,0.16,135,0,0.644
superagent,Module,REFACTOR,0.99,0.99,5.66,3917.23,62.59,0.04,0.07,135,0,0.644
jest,Line,OTHER,1.0,1.0,0.0,0.0,0.0,0.96,0.96,180,0,0.274
jest,Module,OTHER,0.42,0.4,1809.76,35453969.72,5954.32,0.05,0.12,180,0,0.274
superagent,Line,TESTING,1.0,1.0,0.0,0.0,0.0,0.4,0.4,135,0,0.55
superagent,Module,TESTING,0.96,0.96,1.75,39.6,6.29,0.12,0.2,135,0,0.55
keystone,Line,BUG,1.0,1.0,0.0,0.0,0.0,0.09,0.09,1504,0,0.655
keystone,Module,BUG,1.0,1.0,12.77,90666.76,301.11,0.03,0.05,1504,0,0.655
superagent,Line,FEATURE,1.0,1.0,0.0,0.0,0.0,0.04,0.04,135,0,0.669
superagent,Module,FEATURE,0.86,0.85,0.38,4.63,2.15,0.0,0.01,135,0,0.669
keystone,Line,DOCS,1.0,1.0,0.0,0.0,0.0,0.04,0.04,1504,0,0.669
keystone,Module,DOCS,0.99,0.99,6.05,8604.34,92.76,0.01,0.01,1504,0,0.669
superagent,Line,UPGRADE,1.0,1.0,0.0,0.0,0.0,0.04,0.04,135,0,0.669
superagent,Module,UPGRADE,1.0,1.0,0.14,0.86,0.93,0.01,0.01,135,0,0.669
medium-editor,Line,BUG,1.0,1.0,0.0,0.0,0.0,0.83,0.83,150,0,0.399
medium-editor,Module,BUG,1.0,1.0,6.45,240.44,15.51,0.29,0.51,150,0,0.399
keystone,Line,REFACTOR,1.0,1.0,0.0,0.0,0.0,0.02,0.02,1504,0,0.675
keystone,Module,REFACTOR,1.0,1.0,6.15,14605.78,120.85,0.01,0.01,1504,0,0.675
superagent,Line,RELEASE,1.0,1.0,0.0,0.0,0.0,0.45,0.45,135,0,0.576
superagent,Module,RELEASE,0.92,0.92,0.45,0.81,0.9,0.23,0.39,135,0,0.576
medium-editor,Line,DOCS,1.0,1.0,0.0,0.0,0.0,0.27,0.27,150,0,0.604
medium-editor,Module,DOCS,0.95,0.95,2.42,185.9,13.63,0.07,0.14,150,0,0.604
keystone,Line,TESTING,1.0,1.0,0.0,0.0,0.0,0.04,0.04,1504,0,0.67
keystone,Module,TESTING,1.0,1.0,22.7,209764.52,458.0,0.01,0.01,1504,0,0.67
superagent,Line,SUPPORT,1.0,1.0,0.0,0.0,0.0,0.26,0.26,135,0,0.608
superagent,Module,SUPPORT,0.91,0.91,1.17,64.83,8.05,0.04,0.14,135,0,0.608
medium-editor,Line,REFACTOR,1.0,1.0,0.0,0.0,0.0,0.13,0.13,150,0,0.635
medium-editor,Module,REFACTOR,0.97,0.97,0.61,5.61,2.37,0.02,0.07,150,0,0.635
keystone,Line,FEATURE,1.0,1.0,0.0,0.0,0.0,0.01,0.01,1504,0,0.678
keystone,Module,FEATURE,1.0,1.0,0.63,187.0,13.67,0.0,0.0,1504,0,0.678
superagent,Line,OTHER,1.0,1.0,0.0,0.0,0.0,0.94,0.94,135,0,0.328
superagent,Module,OTHER,0.44,0.42,10.09,484.75,22.02,0.19,0.38,135,0,0.328
medium-editor,Line,TESTING,1.0,1.0,0.0,0.0,0.0,0.48,0.48,150,0,0.542
medium-editor,Module,TESTING,1.0,1.0,1.98,33.45,5.78,0.16,0.29,150,0,0.542
keystone,Line,UPGRADE,1.0,1.0,0.0,0.0,0.0,0.02,0.02,1504,0,0.675
keystone,Module,UPGRADE,0.76,0.76,1.49,481.6,21.95,0.0,0.01,1504,0,0.675
medium-editor,Line,FEATURE,1.0,1.0,0.0,0.0,0.0,0.05,0.05,150,0,0.661
medium-editor,Module,FEATURE,0.98,0.98,0.31,2.16,1.47,0.01,0.02,150,0,0.661
keystone,Line,RELEASE,1.0,1.0,0.0,0.0,0.0,0.03,0.03,1504,0,0.67
keystone,Module,RELEASE,0.94,0.94,6.77,17518.85,132.36,0.0,0.01,1504,0,0.67
medium-editor,Line,UPGRADE,1.0,1.0,0.0,0.0,0.0,0.09,0.09,150,0,0.658
medium-editor,Module,UPGRADE,0.96,0.96,0.41,4.82,2.2,0.03,0.05,150,0,0.658
keystone,Line,SUPPORT,1.0,1.0,0.0,0.0,0.0,0.03,0.03,1504,0,0.674
keystone,Module,SUPPORT,0.97,0.97,6.1,16172.82,127.17,0.0,0.0,1504,0,0.674
medium-editor,Line,RELEASE,1.0,1.0,0.0,0.0,0.0,0.09,0.09,150,0,0.645
medium-editor,Module,RELEASE,0.99,0.99,0.19,0.52,0.72,0.05,0.05,150,0,0.645
pandoc,Line,BUG,1.0,1.0,0.0,0.0,0.0,0.8,0.8,136,0,0.397
pandoc,Module,BUG,0.99,0.99,7.77,361.06,19.0,0.3,0.51,136,0,0.397
swagger-ui,Line,BUG,1.0,1.0,0.0,0.0,0.0,0.82,0.82,189,0,0.418
swagger-ui,Module,BUG,0.55,0.54,86.94,20318.46,142.54,0.06,0.15,189,0,0.418
keystone,Line,OTHER,1.0,1.0,0.0,0.0,0.0,0.13,0.13,1504,0,0.648
keystone,Module,OTHER,1.0,1.0,1015.38,378998173.12,19467.88,0.02,0.04,1504,0,0.648
medium-editor,Line,SUPPORT,1.0,1.0,0.0,0.0,0.0,0.2,0.2,150,0,0.628
medium-editor,Module,SUPPORT,0.99,0.99,0.92,36.94,6.08,0.09,0.13,150,0,0.628
pandoc,Line,DOCS,1.0,1.0,0.0,0.0,0.0,0.35,0.35,136,0,0.584
pandoc,Module,DOCS,0.87,0.86,2.36,95.89,9.79,0.07,0.1,136,0,0.584
swagger-ui,Line,DOCS,1.0,1.0,0.0,0.0,0.0,0.14,0.14,189,0,0.644
swagger-ui,Module,DOCS,0.91,0.91,5.58,684.59,26.16,0.01,0.01,189,0,0.644
medium-editor,Line,OTHER,1.0,1.0,0.0,0.0,0.0,0.99,0.99,150,0,0.344
medium-editor,Module,OTHER,0.99,0.99,47.02,14357.84,119.82,0.21,0.52,150,0,0.344
pandoc,Line,REFACTOR,1.0,1.0,0.0,0.0,0.0,0.26,0.26,136,0,0.607
pandoc,Module,REFACTOR,0.95,0.95,1.26,12.83,3.58,0.05,0.07,136,0,0.607
swagger-ui,Line,REFACTOR,1.0,1.0,0.0,0.0,0.0,0.07,0.07,189,0,0.663
swagger-ui,Module,REFACTOR,0.75,0.74,1.28,162.44,12.75,0.01,0.02,189,0,0.663
selenium,Line,BUG,1.0,1.0,0.0,0.0,0.0,0.94,0.94,123,0,0.23
selenium,Module,BUG,0.96,0.96,36.84,5630.79,75.04,0.36,0.67,123,0,0.23
browser-sync,Line,BUG,1.0,1.0,0.0,0.0,0.0,0.65,0.65,219,0,0.52
browser-sync,Module,BUG,0.32,0.3,4.9,119.79,10.95,0.11,0.25,219,0,0.52
swagger-ui,Line,TESTING,1.0,1.0,0.0,0.0,0.0,0.22,0.22,189,0,0.62
swagger-ui,Module,TESTING,0.98,0.98,27.54,43229.46,207.92,0.0,0.02,189,0,0.62
pandoc,Line,TESTING,1.0,1.0,0.0,0.0,0.0,0.62,0.62,136,0,0.468
pandoc,Module,TESTING,0.99,0.99,14.14,1794.17,42.36,0.13,0.24,136,0,0.468
generator-jhipster,Line,BUG,1.0,1.0,0.0,0.0,0.0,0.88,0.88,207,0,0.253
generator-jhipster,Module,BUG,0.9,0.9,30.92,7969.38,89.27,0.23,0.37,207,0,0.253
selenium,Line,DOCS,1.0,1.0,0.0,0.0,0.0,0.74,0.74,123,0,0.418
selenium,Module,DOCS,0.59,0.57,279.34,211733.46,460.15,0.07,0.13,123,0,0.418
browser-sync,Line,DOCS,1.0,1.0,0.0,0.0,0.0,0.15,0.15,219,0,0.653
browser-sync,Module,DOCS,0.77,0.76,0.39,3.31,1.82,0.02,0.03,219,0,0.653
swagger-ui,Line,FEATURE,1.0,1.0,0.0,0.0,0.0,0.14,0.14,189,0,0.624
swagger-ui,Module,FEATURE,0.7,0.69,39.86,16851.06,129.81,0.01,0.05,189,0,0.624
pandoc,Line,FEATURE,1.0,1.0,0.0,0.0,0.0,0.04,0.04,136,0,0.662
pandoc,Module,FEATURE,0.99,0.99,1.13,147.8,12.16,0.01,0.03,136,0,0.662
generator-jhipster,Line,DOCS,1.0,1.0,0.0,0.0,0.0,0.24,0.24,207,0,0.617
generator-jhipster,Module,DOCS,0.79,0.78,0.41,0.73,0.85,0.05,0.13,207,0,0.617
selenium,Line,REFACTOR,1.0,1.0,0.0,0.0,0.0,0.56,0.56,123,0,0.519
selenium,Module,REFACTOR,0.9,0.9,16.57,1257.5,35.46,0.11,0.2,123,0,0.519
browser-sync,Line,REFACTOR,1.0,1.0,0.0,0.0,0.0,0.06,0.06,219,0,0.668
browser-sync,Module,REFACTOR,0.86,0.86,0.44,4.56,2.13,0.02,0.03,219,0,0.668
swagger-ui,Line,UPGRADE,1.0,1.0,0.0,0.0,0.0,0.04,0.04,189,0,0.675
swagger-ui,Module,UPGRADE,0.97,0.97,3.69,654.83,25.59,0.0,0.0,189,0,0.675
pandoc,Line,UPGRADE,1.0,1.0,0.0,0.0,0.0,0.43,0.43,136,0,0.575
pandoc,Module,UPGRADE,1.0,1.0,0.57,2.28,1.51,0.21,0.35,136,0,0.575
selenium,Line,TESTING,1.0,1.0,0.0,0.0,0.0,0.89,0.89,123,0,0.261
selenium,Module,TESTING,0.95,0.95,138.67,166927.96,408.57,0.11,0.37,123,0,0.261
generator-jhipster,Line,REFACTOR,1.0,1.0,0.0,0.0,0.0,0.28,0.28,207,0,0.592
generator-jhipster,Module,REFACTOR,0.94,0.94,11.36,1883.59,43.4,0.04,0.07,207,0,0.592
browser-sync,Line,TESTING,1.0,1.0,0.0,0.0,0.0,0.24,0.24,219,0,0.626
browser-sync,Module,TESTING,0.95,0.95,2.52,67.02,8.19,0.05,0.09,219,0,0.626
pandoc,Line,RELEASE,1.0,1.0,0.0,0.0,0.0,0.29,0.29,136,0,0.61
pandoc,Module,RELEASE,0.98,0.98,0.35,0.78,0.88,0.15,0.23,136,0,0.61
swagger-ui,Line,RELEASE,1.0,1.0,0.0,0.0,0.0,0.29,0.29,189,0,0.61
swagger-ui,Module,RELEASE,0.78,0.77,151.61,1819003.04,1348.7,0.01,0.05,189,0,0.61
selenium,Line,FEATURE,1.0,1.0,0.0,0.0,0.0,0.2,0.2,123,0,0.63
selenium,Module,FEATURE,0.99,0.99,0.83,5.8,2.41,0.05,0.11,123,0,0.63
generator-jhipster,Line,TESTING,1.0,1.0,0.0,0.0,0.0,0.68,0.68,207,0,0.405
generator-jhipster,Module,TESTING,0.92,0.92,9.34,520.15,22.81,0.18,0.27,207,0,0.405
browser-sync,Line,FEATURE,1.0,1.0,0.0,0.0,0.0,0.04,0.04,219,0,0.672
browser-sync,Module,FEATURE,0.92,0.92,0.08,0.32,0.57,0.01,0.01,219,0,0.672
pandoc,Line,SUPPORT,1.0,1.0,0.0,0.0,0.0,0.49,0.49,136,0,0.517
pandoc,Module,SUPPORT,0.99,0.99,3.27,62.74,7.92,0.18,0.3,136,0,0.517
swagger-ui,Line,SUPPORT,1.0,1.0,0.0,0.0,0.0,0.2,0.2,189,0,0.635
swagger-ui,Module,SUPPORT,0.89,0.89,1.23,23.53,4.85,0.05,0.11,189,0,0.635
generator-jhipster,Line,FEATURE,1.0,1.0,0.0,0.0,0.0,0.12,0.12,207,0,0.614
generator-jhipster,Module,FEATURE,0.75,0.74,1.13,16.12,4.01,0.02,0.06,207,0,0.614
selenium,Line,UPGRADE,1.0,1.0,0.0,0.0,0.0,0.46,0.46,123,0,0.551
selenium,Module,UPGRADE,0.93,0.93,15.36,4855.72,69.68,0.11,0.18,123,0,0.551
browser-sync,Line,UPGRADE,1.0,1.0,0.16,2.11,1.45,0.0,0.0,219,0,0.678
browser-sync,Module,UPGRADE,1.0,1.0,0.07,0.51,0.72,0.0,0.0,219,0,0.678
pandoc,Line,OTHER,1.0,1.0,0.0,0.0,0.0,0.97,0.97,136,0,0.298
pandoc,Module,OTHER,1.0,1.0,45.42,8604.32,92.76,0.35,0.55,136,0,0.298
swagger-ui,Line,OTHER,1.0,1.0,0.0,0.0,0.0,0.9,0.9,189,0,0.363
swagger-ui,Module,OTHER,0.17,0.15,265.31,254677.35,504.66,0.05,0.15,189,0,0.363
selenium,Line,RELEASE,1.0,1.0,0.0,0.0,0.0,0.85,0.85,123,0,0.388
selenium,Module,RELEASE,0.69,0.68,16.72,2521.93,50.22,0.2,0.28,123,0,0.388
generator-jhipster,Line,UPGRADE,1.0,1.0,0.0,0.0,0.0,0.59,0.59,207,0,0.446
generator-jhipster,Module,UPGRADE,0.78,0.77,8.39,776.75,27.87,0.08,0.16,207,0,0.446
karma,Line,BUG,1.0,1.0,0.0,0.0,0.0,0.9,0.9,201,0,0.295
karma,Module,BUG,0.82,0.82,23.85,5088.59,71.33,0.16,0.35,201,0,0.295
browser-sync,Line,RELEASE,1.0,1.0,0.0,0.0,0.0,0.02,0.02,219,0,0.676
browser-sync,Module,RELEASE,0.87,0.87,0.14,1.12,1.06,0.0,0.0,219,0,0.676
generator-jhipster,Line,RELEASE,1.0,1.0,0.0,0.0,0.0,0.96,0.96,207,0,0.447
generator-jhipster,Module,RELEASE,0.76,0.75,1.41,11.99,3.46,0.34,0.7,207,0,0.447
selenium,Line,SUPPORT,1.0,1.0,0.0,0.0,0.0,0.84,0.84,123,0,0.36
selenium,Module,SUPPORT,0.75,0.74,39.07,12169.43,110.32,0.15,0.32,123,0,0.36
karma,Line,DOCS,1.0,1.0,0.0,0.0,0.0,0.46,0.46,201,0,0.477
karma,Module,DOCS,0.78,0.77,8.54,487.34,22.08,0.07,0.15,201,0,0.477
browser-sync,Line,SUPPORT,1.0,1.0,0.0,0.0,0.0,0.04,0.04,219,0,0.672
browser-sync,Module,SUPPORT,0.99,0.99,0.32,13.65,3.69,0.02,0.03,219,0,0.672
selenium,Line,OTHER,1.0,1.0,0.0,0.0,0.0,0.99,0.99,123,0,0.167
selenium,Module,OTHER,0.96,0.96,412.28,836104.78,914.39,0.28,0.52,123,0,0.167
generator-jhipster,Line,SUPPORT,1.0,1.0,0.0,0.0,0.0,0.45,0.45,207,0,0.52
generator-jhipster,Module,SUPPORT,0.62,0.61,25.13,8588.43,92.67,0.05,0.12,207,0,0.52
karma,Line,REFACTOR,1.0,1.0,0.0,0.0,0.0,0.29,0.29,201,0,0.563
karma,Module,REFACTOR,0.94,0.94,6.45,380.53,19.51,0.09,0.17,201,0,0.563
browser-sync,Line,OTHER,1.0,1.0,0.0,0.0,0.0,0.49,0.49,219,0,0.569
browser-sync,Module,OTHER,0.83,0.83,6.35,263.69,16.24,0.09,0.17,219,0,0.569
generator-jhipster,Line,OTHER,1.0,1.0,0.0,0.0,0.0,0.93,0.93,207,0,0.193
generator-jhipster,Module,OTHER,0.91,0.91,244.62,316306.51,562.41,0.14,0.23,207,0,0.193
karma,Line,TESTING,1.0,1.0,0.0,0.0,0.0,0.48,0.48,201,0,0.508
karma,Module,TESTING,0.58,0.57,8.54,527.87,22.98,0.05,0.1,201,0,0.508
jsdom,Line,BUG,1.0,1.0,0.0,0.0,0.0,0.73,0.73,246,0,0.514
jsdom,Module,BUG,0.85,0.85,4.39,99.94,10.0,0.2,0.47,246,0,0.514
karma,Line,FEATURE,1.0,1.0,0.0,0.0,0.0,0.42,0.42,201,0,0.477
karma,Module,FEATURE,0.9,0.9,11.43,1340.67,36.62,0.11,0.21,201,0,0.477
jsdom,Line,DOCS,1.0,1.0,0.0,0.0,0.0,0.06,0.06,246,0,0.669
jsdom,Module,DOCS,0.81,0.81,0.15,2.26,1.5,0.02,0.04,246,0,0.669
stylus,Line,BUG,1.0,1.0,0.0,0.0,0.0,0.91,0.91,162,0,0.462
stylus,Module,BUG,0.87,0.87,4.85,244.13,15.62,0.37,0.59,162,0,0.462
karma,Line,UPGRADE,1.0,1.0,0.0,0.0,0.0,0.21,0.21,201,0,0.602
karma,Module,UPGRADE,0.89,0.89,7.29,1603.61,40.05,0.01,0.07,201,0,0.602
jsdom,Line,REFACTOR,1.0,1.0,0.0,0.0,0.0,0.06,0.06,246,0,0.668
jsdom,Module,REFACTOR,0.85,0.85,0.22,1.48,1.22,0.01,0.03,246,0,0.668
stylus,Line,DOCS,1.0,1.0,0.0,0.0,0.0,0.34,0.34,162,0,0.608
stylus,Module,DOCS,0.98,0.98,9.99,5845.46,76.46,0.02,0.04,162,0,0.608
karma,Line,RELEASE,1.0,1.0,0.0,0.0,0.0,0.74,0.74,201,0,0.377
karma,Module,RELEASE,0.92,0.92,2.85,47.79,6.91,0.35,0.55,201,0,0.377
jsdom,Line,TESTING,1.0,1.0,0.0,0.0,0.0,0.5,0.5,246,0,0.565
jsdom,Module,TESTING,0.14,0.12,45.91,31934.48,178.7,0.04,0.05,246,0,0.565
stylus,Line,REFACTOR,1.0,1.0,0.0,0.0,0.0,0.21,0.21,162,0,0.632
stylus,Module,REFACTOR,0.8,0.79,0.52,1.76,1.33,0.02,0.1,162,0,0.632
karma,Line,SUPPORT,1.0,1.0,0.0,0.0,0.0,0.05,0.05,201,0,0.669
karma,Module,SUPPORT,1.0,1.0,1.67,462.61,21.51,0.0,0.0,201,0,0.669
jsdom,Line,FEATURE,1.0,1.0,0.0,0.0,0.0,0.07,0.07,246,0,0.668
jsdom,Module,FEATURE,0.91,0.91,0.65,17.41,4.17,0.01,0.01,246,0,0.668
stylus,Line,TESTING,1.0,1.0,0.0,0.0,0.0,0.36,0.36,162,0,0.603
stylus,Module,TESTING,0.56,0.55,5.02,308.21,17.56,0.03,0.06,162,0,0.603
karma,Line,OTHER,1.0,1.0,0.0,0.0,0.0,0.85,0.85,201,0,0.292
karma,Module,OTHER,0.67,0.66,40.89,23043.95,151.8,0.16,0.27,201,0,0.292
jsdom,Line,UPGRADE,1.0,1.0,0.0,0.0,0.0,0.08,0.08,246,0,0.664
jsdom,Module,UPGRADE,0.66,0.65,23.24,67459.7,259.73,0.0,0.0,246,0,0.664
stylus,Line,FEATURE,1.0,1.0,0.0,0.0,0.0,0.03,0.03,162,0,0.653
stylus,Module,FEATURE,0.99,0.99,0.13,0.72,0.85,0.0,0.01,162,0,0.653
jsdom,Line,RELEASE,1.0,1.0,0.0,0.0,0.0,0.03,0.03,246,0,0.674
jsdom,Module,RELEASE,0.97,0.97,0.06,0.24,0.49,0.01,0.01,246,0,0.674
stylus,Line,UPGRADE,1.0,1.0,0.01,0.02,0.13,0.02,0.02,162,0,0.676
stylus,Module,UPGRADE,1.0,1.0,0.03,0.06,0.25,0.01,0.01,162,0,0.676
jsdom,Line,SUPPORT,1.0,1.0,0.0,0.0,0.0,0.17,0.17,246,0,0.642
jsdom,Module,SUPPORT,0.92,0.92,1.46,36.39,6.03,0.02,0.06,246,0,0.642
stylus,Line,RELEASE,1.0,1.0,0.0,0.0,0.0,0.62,0.62,162,0,0.542
stylus,Module,RELEASE,0.87,0.87,0.71,10.35,3.22,0.45,0.55,162,0,0.542
jsdom,Line,OTHER,1.0,1.0,0.0,0.0,0.0,0.97,0.97,246,0,0.462
jsdom,Module,OTHER,0.52,0.51,47.86,33833.16,183.94,0.11,0.2,246,0,0.462
stylus,Line,SUPPORT,1.0,1.0,0.0,0.0,0.0,0.3,0.3,162,0,0.612
stylus,Module,SUPPORT,0.92,0.92,1.27,21.06,4.59,0.09,0.17,162,0,0.612
systemjs,Line,BUG,1.0,1.0,0.0,0.0,0.0,0.7,0.7,212,0,0.38
systemjs,Module,BUG,0.95,0.95,14.38,1847.34,42.98,0.15,0.28,212,0,0.38
pomelo,Line,BUG,1.0,1.0,0.0,0.0,0.0,0.74,0.74,93,0,0.483
pomelo,Module,BUG,0.99,0.99,1.37,7.56,2.75,0.24,0.44,93,0,0.483
stylus,Line,OTHER,1.0,1.0,0.0,0.0,0.0,0.85,0.85,162,0,0.473
stylus,Module,OTHER,0.93,0.93,12.48,8754.6,93.57,0.2,0.42,162,0,0.473
systemjs,Line,DOCS,1.0,1.0,0.0,0.0,0.0,0.21,0.21,212,0,0.598
systemjs,Module,DOCS,0.97,0.97,1.22,7.05,2.65,0.07,0.09,212,0,0.598
systemjs,Line,REFACTOR,1.0,1.0,0.0,0.0,0.0,0.07,0.07,212,0,0.647
systemjs,Module,REFACTOR,0.99,0.99,0.62,5.87,2.42,0.04,0.05,212,0,0.647
fpm,Line,BUG,1.0,1.0,0.0,0.0,0.0,0.75,0.75,81,0,0.382
fpm,Module,BUG,0.93,0.93,9.66,769.19,27.73,0.21,0.38,81,0,0.382
systemjs,Line,TESTING,1.0,1.0,0.0,0.0,0.0,0.31,0.31,212,0,0.552
systemjs,Module,TESTING,0.93,0.93,88.14,170534.36,412.96,0.01,0.03,212,0,0.552
nightwatch,Line,BUG,1.0,1.0,0.0,0.0,0.0,0.81,0.81,174,0,0.49
nightwatch,Module,BUG,0.76,0.75,5.12,156.72,12.52,0.19,0.4,174,0,0.49
fpm,Line,DOCS,1.0,1.0,0.0,0.0,0.0,0.12,0.12,81,0,0.644
fpm,Module,DOCS,0.97,0.97,1.27,43.93,6.63,0.05,0.07,81,0,0.644
ng-file-upload,Line,BUG,1.0,1.0,0.0,0.0,0.0,0.4,0.4,224,0,0.591
ng-file-upload,Module,BUG,0.65,0.64,4.79,304.99,17.46,0.07,0.19,224,0,0.591
systemjs,Line,FEATURE,1.0,1.0,0.0,0.0,0.0,0.02,0.02,212,0,0.672
systemjs,Module,FEATURE,0.9,0.9,0.18,1.7,1.3,0.0,0.0,212,0,0.672
nightwatch,Line,DOCS,1.0,1.0,0.0,0.0,0.0,0.13,0.13,174,0,0.651
nightwatch,Module,DOCS,0.76,0.75,0.94,13.57,3.68,0.02,0.05,174,0,0.651
fpm,Line,REFACTOR,1.0,1.0,0.0,0.0,0.0,0.1,0.1,81,0,0.657
fpm,Module,REFACTOR,0.99,0.99,1.31,60.83,7.8,0.04,0.04,81,0,0.657
ng-file-upload,Line,DOCS,1.0,1.0,0.02,0.07,0.27,0.0,0.0,224,0,0.681
ng-file-upload,Module,DOCS,1.0,1.0,0.0,0.0,0.07,0.0,0.0,224,0,0.681
systemjs,Line,UPGRADE,1.0,1.0,0.0,0.0,0.0,0.08,0.08,212,0,0.654
systemjs,Module,UPGRADE,1.0,1.0,0.62,6.39,2.53,0.04,0.05,212,0,0.654
nightwatch,Line,REFACTOR,1.0,1.0,0.0,0.0,0.0,0.17,0.17,174,0,0.639
nightwatch,Module,REFACTOR,0.89,0.89,5.56,616.24,24.82,0.01,0.03,174,0,0.639
fpm,Line,TESTING,1.0,1.0,0.0,0.0,0.0,0.38,0.38,81,0,0.567
fpm,Module,TESTING,1.0,1.0,1.34,24.04,4.9,0.15,0.31,81,0,0.567
systemjs,Line,RELEASE,1.0,1.0,0.0,0.0,0.0,0.05,0.05,212,0,0.667
systemjs,Module,RELEASE,0.88,0.88,0.21,1.81,1.35,0.01,0.02,212,0,0.667
fpm,Line,FEATURE,1.0,1.0,0.0,0.0,0.0,0.08,0.08,81,0,0.622
fpm,Module,FEATURE,0.95,0.95,0.92,18.79,4.34,0.0,0.0,81,0,0.622
nightwatch,Line,TESTING,1.0,1.0,0.0,0.0,0.0,0.39,0.39,174,0,0.584
nightwatch,Module,TESTING,0.98,0.98,5.89,579.12,24.06,0.08,0.12,174,0,0.584
systemjs,Line,SUPPORT,1.0,1.0,0.0,0.0,0.0,0.33,0.33,212,0,0.538
systemjs,Module,SUPPORT,0.9,0.9,5.21,603.81,24.57,0.08,0.14,212,0,0.538
fpm,Line,UPGRADE,1.0,1.0,0.0,0.0,0.0,0.38,0.38,81,0,0.581
fpm,Module,UPGRADE,1.0,1.0,0.31,0.41,0.64,0.21,0.32,81,0,0.581
nightwatch,Line,FEATURE,1.0,1.0,0.0,0.0,0.0,0.03,0.03,174,0,0.653
nightwatch,Module,FEATURE,0.81,0.8,0.1,0.4,0.63,0.0,0.0,174,0,0.653
systemjs,Line,OTHER,1.0,1.0,0.0,0.0,0.0,0.98,0.98,212,0,0.231
systemjs,Module,OTHER,0.86,0.86,58.04,12494.55,111.78,0.31,0.6,212,0,0.231
natural,Line,BUG,1.0,1.0,0.0,0.0,0.0,0.55,0.55,22,0,0.475
natural,Module,BUG,0.98,0.97,171.33,614325.42,783.79,0.14,0.18,22,0,0.475
fpm,Line,RELEASE,1.0,1.0,0.0,0.0,0.0,0.31,0.31,81,0,0.614
fpm,Module,RELEASE,0.99,0.99,0.35,1.86,1.36,0.05,0.19,81,0,0.614
natural,Line,DOCS,1.0,1.0,10.57,1283.33,35.82,0.05,0.09,22,0,0.614
natural,Module,DOCS,1.0,1.0,2.62,99.79,9.99,0.0,0.0,22,0,0.614
fpm,Line,SUPPORT,1.0,1.0,0.0,0.0,0.0,0.42,0.42,81,0,0.552
fpm,Module,SUPPORT,0.97,0.97,2.93,150.47,12.27,0.09,0.16,81,0,0.552
natural,Line,REFACTOR,1.0,1.0,327.51,2278516.57,1509.48,0.0,0.0,22,0,0.651
natural,Module,REFACTOR,1.0,1.0,17.87,6780.75,82.35,0.0,0.0,22,0,0.651
fpm,Line,OTHER,1.0,1.0,0.0,0.0,0.0,0.98,0.98,81,0,0.269
fpm,Module,OTHER,0.95,0.95,43.38,13547.29,116.39,0.1,0.23,81,0,0.269
natural,Line,TESTING,1.0,1.0,994.37,20412952.09,4518.07,0.14,0.18,22,0,0.599
natural,Module,TESTING,1.0,1.0,0.54,2.57,1.6,0.09,0.18,22,0,0.599
natural,Line,FEATURE,1.0,1.0,772.06,12523865.72,3538.91,0.0,0.0,22,0,0.651
natural,Module,FEATURE,1.0,1.0,11.73,2890.93,53.77,0.0,0.0,22,0,0.651
natural,Line,UPGRADE,1.0,1.0,0.14,0.41,0.64,0.0,0.0,22,0,0.671
natural,Module,UPGRADE,1.0,1.0,0.05,0.05,0.21,0.0,0.0,22,0,0.671
dat,Line,BUG,1.0,1.0,0.0,0.0,0.0,0.62,0.62,106,0,0.528
dat,Module,BUG,0.89,0.88,14.23,1477.04,38.43,0.1,0.17,106,0,0.528
dat,Line,DOCS,1.0,1.0,0.0,0.0,0.0,0.19,0.19,106,0,0.639
dat,Module,DOCS,0.91,0.91,23.44,12039.04,109.72,0.0,0.02,106,0,0.639
middleman,Line,BUG,1.0,1.0,0.0,0.0,0.0,0.54,0.54,284,0,0.501
middleman,Module,BUG,0.98,0.98,12.22,2602.56,51.02,0.1,0.16,284,0,0.501
fluentd,Line,BUG,1.0,1.0,0.0,0.0,0.0,0.83,0.83,217,0,0.317
fluentd,Module,BUG,1.0,1.0,13.95,515.85,22.71,0.19,0.31,217,0,0.317
dat,Line,REFACTOR,1.0,1.0,0.0,0.0,0.0,0.06,0.06,106,0,0.669
dat,Module,REFACTOR,0.99,0.99,1.25,41.51,6.44,0.0,0.01,106,0,0.669
middleman,Line,DOCS,1.0,1.0,0.0,0.0,0.0,0.07,0.07,284,0,0.652
middleman,Module,DOCS,0.99,0.99,1.0,79.23,8.9,0.01,0.04,284,0,0.652
fluentd,Line,DOCS,1.0,1.0,0.01,0.0,0.06,0.01,0.01,217,0,0.678
fluentd,Module,DOCS,0.88,0.88,0.02,0.04,0.19,0.0,0.0,217,0,0.678
dat,Line,TESTING,1.0,1.0,0.0,0.0,0.0,0.25,0.25,106,0,0.624
dat,Module,TESTING,0.94,0.94,151.27,1828093.96,1352.07,0.02,0.04,106,0,0.624
middleman,Line,REFACTOR,1.0,1.0,0.0,0.0,0.0,0.07,0.07,284,0,0.655
middleman,Module,REFACTOR,1.0,1.0,4.08,2145.11,46.32,0.01,0.03,284,0,0.655
fluentd,Line,REFACTOR,1.0,1.0,0.0,0.0,0.0,0.15,0.15,217,0,0.633
fluentd,Module,REFACTOR,0.9,0.9,0.6,24.91,4.99,0.03,0.06,217,0,0.633
dat,Line,FEATURE,1.0,1.0,0.23,3.99,2.0,0.0,0.0,106,0,0.678
dat,Module,FEATURE,1.0,1.0,0.06,0.25,0.5,0.0,0.0,106,0,0.678
middleman,Line,TESTING,1.0,1.0,0.0,0.0,0.0,0.31,0.31,284,0,0.591
middleman,Module,TESTING,0.92,0.92,15.17,9588.78,97.92,0.02,0.07,284,0,0.591
fluentd,Line,TESTING,1.0,1.0,0.0,0.0,0.0,0.58,0.58,217,0,0.44
fluentd,Module,TESTING,1.0,1.0,4.11,49.97,7.07,0.26,0.36,217,0,0.44
dat,Line,UPGRADE,1.0,1.0,0.0,0.0,0.0,0.13,0.13,106,0,0.652
dat,Module,UPGRADE,1.0,1.0,3.55,1257.26,35.46,0.05,0.08,106,0,0.652
middleman,Line,FEATURE,1.0,1.0,0.0,0.0,0.0,0.1,0.1,284,0,0.636
middleman,Module,FEATURE,0.99,0.99,1.94,98.68,9.93,0.01,0.02,284,0,0.636
fluentd,Line,FEATURE,1.0,1.0,0.0,0.0,0.0,0.2,0.2,217,0,0.601
fluentd,Module,FEATURE,0.98,0.98,0.31,0.75,0.87,0.08,0.12,217,0,0.601
dat,Line,RELEASE,1.0,1.0,0.37,11.8,3.44,0.01,0.02,106,0,0.675
dat,Module,RELEASE,1.0,1.0,0.43,17.17,4.14,0.0,0.0,106,0,0.675
middleman,Line,UPGRADE,1.0,1.0,0.0,0.0,0.0,0.09,0.09,284,0,0.649
middleman,Module,UPGRADE,0.99,0.99,1.34,163.53,12.79,0.01,0.04,284,0,0.649
core-js,Line,BUG,1.0,1.0,0.0,0.0,0.0,0.83,0.83,169,0,0.41
core-js,Module,BUG,0.98,0.98,33.14,11593.65,107.67,0.23,0.34,169,0,0.41
fluentd,Line,UPGRADE,1.0,1.0,0.0,0.0,0.0,0.12,0.12,217,0,0.618
fluentd,Module,UPGRADE,0.99,0.99,0.11,0.19,0.44,0.09,0.1,217,0,0.618
dat,Line,SUPPORT,1.0,1.0,0.0,0.0,0.0,0.09,0.09,106,0,0.665
dat,Module,SUPPORT,1.0,1.0,3.97,1166.98,34.16,0.0,0.0,106,0,0.665
middleman,Line,RELEASE,1.0,1.0,0.0,0.0,0.0,0.12,0.12,284,0,0.656
middleman,Module,RELEASE,0.69,0.68,0.14,0.32,0.57,0.05,0.08,284,0,0.656
core-js,Line,DOCS,1.0,1.0,0.0,0.0,0.0,0.15,0.15,169,0,0.636
core-js,Module,DOCS,0.79,0.78,0.69,4.56,2.14,0.0,0.02,169,0,0.636
fluentd,Line,RELEASE,1.0,1.0,0.0,0.0,0.0,0.09,0.09,217,0,0.633
fluentd,Module,RELEASE,0.99,0.99,0.06,0.02,0.15,0.06,0.09,217,0,0.633
dat,Line,OTHER,1.0,1.0,0.0,0.0,0.0,1.0,1.0,106,0,0.376
dat,Module,OTHER,0.69,0.67,138.9,314723.92,561.0,0.09,0.24,106,0,0.376
middleman,Line,SUPPORT,1.0,1.0,0.0,0.0,0.0,0.2,0.2,284,0,0.617
middleman,Module,SUPPORT,0.94,0.94,6.85,1372.77,37.05,0.03,0.05,284,0,0.617
core-js,Line,REFACTOR,1.0,1.0,0.0,0.0,0.0,0.13,0.13,169,0,0.65
core-js,Module,REFACTOR,1.0,1.0,14.67,9027.95,95.02,0.1,0.1,169,0,0.65
fluentd,Line,SUPPORT,1.0,1.0,0.0,0.0,0.0,0.51,0.51,217,0,0.482
fluentd,Module,SUPPORT,0.98,0.98,2.72,15.34,3.92,0.14,0.29,217,0,0.482
middleman,Line,OTHER,1.0,1.0,0.0,0.0,0.0,0.95,0.95,284,0,0.408
middleman,Module,OTHER,0.87,0.87,641.69,7302027.07,2702.23,0.02,0.06,284,0,0.408
core-js,Line,TESTING,1.0,1.0,0.0,0.0,0.0,0.42,0.42,169,0,0.545
core-js,Module,TESTING,0.99,0.99,25.83,4319.4,65.72,0.13,0.2,169,0,0.545
vega,Line,BUG,1.0,1.0,0.0,0.0,0.0,0.62,0.62,147,0,0.455
vega,Module,BUG,0.99,0.99,8.16,918.08,30.3,0.18,0.33,147,0,0.455
mathjs,Line,BUG,1.0,1.0,0.0,0.0,0.0,0.87,0.87,186,0,0.395
mathjs,Module,BUG,0.93,0.93,21.71,2692.92,51.89,0.13,0.28,186,0,0.395
fluentd,Line,OTHER,1.0,1.0,0.0,0.0,0.0,1.0,1.0,217,0,0.249
fluentd,Module,OTHER,1.0,1.0,25.41,1876.85,43.32,0.27,0.44,217,0,0.249
core-js,Line,FEATURE,1.0,1.0,0.0,0.0,0.0,0.15,0.15,169,0,0.644
core-js,Module,FEATURE,1.0,1.0,9.7,1813.76,42.59,0.11,0.11,169,0,0.644
vega,Line,DOCS,1.0,1.0,0.0,0.0,0.0,0.5,0.5,147,0,0.48
vega,Module,DOCS,0.86,0.86,15.97,6561.26,81.0,0.1,0.33,147,0,0.48
mathjs,Line,DOCS,1.0,1.0,0.0,0.0,0.0,0.34,0.34,186,0,0.588
mathjs,Module,DOCS,0.84,0.84,12.3,1822.62,42.69,0.04,0.08,186,0,0.588
core-js,Line,UPGRADE,1.0,1.0,0.0,0.0,0.0,0.12,0.12,169,0,0.647
core-js,Module,UPGRADE,0.99,0.99,0.23,0.5,0.71,0.06,0.07,169,0,0.647
vega,Line,REFACTOR,1.0,1.0,0.0,0.0,0.0,0.09,0.09,147,0,0.659
vega,Module,REFACTOR,0.99,0.99,5.59,2022.79,44.98,0.03,0.03,147,0,0.659
AutoMapper,Line,BUG,1.0,1.0,0.0,0.0,0.0,0.79,0.79,47,0,0.351
AutoMapper,Module,BUG,0.93,0.92,122.78,300442.62,548.13,0.11,0.19,47,0,0.351
mathjs,Line,REFACTOR,1.0,1.0,0.0,0.0,0.0,0.15,0.15,186,0,0.645
mathjs,Module,REFACTOR,0.75,0.74,37.51,14259.21,119.41,0.01,0.01,186,0,0.645
core-js,Line,RELEASE,1.0,1.0,3.32,1838.59,42.88,0.01,0.01,169,0,0.676
core-js,Module,RELEASE,1.0,1.0,0.03,0.04,0.21,0.0,0.01,169,0,0.676
vega,Line,TESTING,1.0,1.0,0.0,0.0,0.0,0.48,0.48,147,0,0.487
vega,Module,TESTING,0.89,0.89,24.0,3891.07,62.38,0.08,0.14,147,0,0.487
AutoMapper,Line,DOCS,1.0,1.0,0.0,0.0,0.0,0.23,0.23,47,0,0.596
AutoMapper,Module,DOCS,0.5,0.44,14.24,2696.22,51.93,0.0,0.04,47,0,0.596
mathjs,Line,TESTING,1.0,1.0,0.0,0.0,0.0,0.56,0.56,186,0,0.51
mathjs,Module,TESTING,0.52,0.51,23.6,6689.87,81.79,0.05,0.1,186,0,0.51
core-js,Line,SUPPORT,1.0,1.0,0.0,0.0,0.0,0.28,0.28,169,0,0.615
core-js,Module,SUPPORT,0.88,0.88,8.37,3669.02,60.57,0.07,0.11,169,0,0.615
vega,Line,FEATURE,1.0,1.0,500.68,36787823.89,6065.3,0.01,0.01,147,0,0.674
vega,Module,FEATURE,1.0,1.0,3.06,703.97,26.53,0.0,0.0,147,0,0.674
AutoMapper,Line,REFACTOR,1.0,1.0,0.0,0.0,0.0,0.28,0.28,47,0,0.58
AutoMapper,Module,REFACTOR,0.94,0.93,1.51,9.92,3.15,0.06,0.15,47,0,0.58
mathjs,Line,FEATURE,1.0,1.0,0.0,0.0,0.0,0.02,0.02,186,0,0.671
mathjs,Module,FEATURE,0.96,0.96,0.34,6.52,2.55,0.01,0.01,186,0,0.671
AutoMapper,Line,TESTING,1.0,1.0,0.0,0.0,0.0,0.66,0.66,47,0,0.411
AutoMapper,Module,TESTING,0.97,0.97,48.01,8295.76,91.08,0.02,0.15,47,0,0.411
core-js,Line,OTHER,1.0,1.0,0.0,0.0,0.0,0.99,0.99,169,0,0.354
core-js,Module,OTHER,0.95,0.95,314.65,495011.69,703.57,0.15,0.22,169,0,0.354
vega,Line,UPGRADE,1.0,1.0,0.0,0.0,0.0,0.06,0.06,147,0,0.665
vega,Module,UPGRADE,1.0,1.0,0.54,32.23,5.68,0.03,0.03,147,0,0.665
mathjs,Line,UPGRADE,1.0,1.0,0.0,0.0,0.0,0.12,0.12,186,0,0.652
mathjs,Module,UPGRADE,0.97,0.97,0.45,3.81,1.95,0.03,0.08,186,0,0.652
AutoMapper,Line,FEATURE,1.0,1.0,230.97,2126543.67,1458.27,0.06,0.09,47,0,0.658
AutoMapper,Module,FEATURE,1.0,1.0,1.04,18.5,4.3,0.04,0.04,47,0,0.658
vega,Line,RELEASE,1.0,1.0,0.0,0.0,0.0,0.29,0.29,147,0,0.605
vega,Module,RELEASE,0.89,0.89,0.35,1.53,1.24,0.25,0.26,147,0,0.605
mathjs,Line,RELEASE,1.0,1.0,0.0,0.0,0.0,0.77,0.77,186,0,0.508
mathjs,Module,RELEASE,0.44,0.42,2.71,21.54,4.64,0.29,0.59,186,0,0.508
AutoMapper,Line,UPGRADE,1.0,1.0,0.0,0.0,0.0,0.26,0.26,47,0,0.609
AutoMapper,Module,UPGRADE,0.98,0.98,3.1,206.41,14.37,0.09,0.13,47,0,0.609
vega,Line,SUPPORT,1.0,1.0,0.0,0.0,0.0,0.18,0.18,147,0,0.623
vega,Module,SUPPORT,0.96,0.96,4.69,746.7,27.33,0.02,0.05,147,0,0.623
mathjs,Line,SUPPORT,1.0,1.0,0.0,0.0,0.0,0.31,0.31,186,0,0.606
mathjs,Module,SUPPORT,0.76,0.75,12.22,1133.28,33.66,0.03,0.04,186,0,0.606
AutoMapper,Line,RELEASE,1.0,1.0,0.0,0.0,0.0,0.21,0.21,47,0,0.629
AutoMapper,Module,RELEASE,0.99,0.99,0.25,0.38,0.62,0.09,0.15,47,0,0.629
vega,Line,OTHER,1.0,1.0,0.0,0.0,0.0,0.99,0.99,147,0,0.246
vega,Module,OTHER,0.74,0.73,175.74,409829.42,640.18,0.12,0.23,147,0,0.246
mathjs,Line,OTHER,1.0,1.0,0.0,0.0,0.0,0.87,0.87,186,0,0.342
mathjs,Module,OTHER,0.6,0.59,183.38,368399.91,606.96,0.05,0.11,186,0,0.342
AutoMapper,Line,SUPPORT,1.0,1.0,0.0,0.0,0.0,0.45,0.45,47,0,0.546
AutoMapper,Module,SUPPORT,0.99,0.99,9.81,1507.14,38.82,0.11,0.26,47,0,0.546
AutoMapper,Line,OTHER,1.0,1.0,0.0,0.0,0.0,0.89,0.89,47,0,0.253
AutoMapper,Module,OTHER,0.93,0.92,261.41,203674.81,451.3,0.11,0.17,47,0,0.253
